1,-1.051718589,-0.259360341,-0.50767588,-0.944295431,-1.044787169,-0.837280517,-1.26385815,-1.118818111,0.87720417,-0.496107236,-0.502669079,-0.743729834,-0.721297753,-0.755764312,-1.342413241,0.440922543,-0.719435375,0.694739506,-0.468167032,-0.239633241,-0.36874757,-0.733395993,0.054760281,1.080141162,0.072124441,0.347827837
2,-0.684379036,-0.749724537,-0.765248062,-1.2965514,-0.694180321,-0.979027075,-1.072847507,-0.84239655,0.930588147,-0.725342726,-0.583957396,-0.856319271,-0.730627006,-0.819834563,-0.542765395,-0.509205327,-0.756402958,0.766628424,-0.614277994,-0.666553049,-0.784194543,-0.698340514,-0.479746168,-0.452835852,0.289912335,-0.405463548
3,0.20934979,0.413099331,0.415036556,-0.630199708,-1.348302096,-0.931321484,0.232518606,-1.329473794,1.660393168,-0.509294933,-0.103445078,-0.358408708,-1.04312389,-0.585623056,-1.086898422,-0.496993469,-0.442781158,0.576615448,-0.191333661,0.087898172,0.198088386,0.295738089,-0.702740187,-0.121974095,0.057457225,-0.244184968
4,-0.7644818,-0.808535617,-0.574354817,-0.69139511,-1.434483291,-0.708760108,-1.289532797,-1.562488786,-0.136676681,-0.342367655,0.000287147,-0.415551844,-0.544234155,-1.372591535,-1.191442923,-0.694900589,-0.022676674,0.45745579,-0.325159987,-0.087433662,-0.130264437,0.134056655,-0.078933767,-0.999482664,-0.505753288,-0.564279632
5,-0.27411363,-0.603282091,-0.705624044,0.408097835,-0.347590929,0.123630037,0.31882909,0.604064393,0.225739893,0.385334495,0.819635509,0.479186539,0.118939154,0.934443308,0.764196526,0.574504628,1.07582204,-0.691327651,0.624418634,0.321123802,0.181824165,-0.38418798,0.590232539,0.463540681,0.784257442,0.825290091
6,-0.679042188,-0.250223616,-0.433790568,-0.515135068,-0.854423827,-0.962827217,-0.462108299,-0.338448277,-0.13869453,-0.774086704,-0.810954144,-0.791872575,-0.990346659,-0.599375779,-1.706760109,-0.817475586,-1.818417078,0.87936052,-0.758690572,-0.687880906,-1.661090843,-1.419536551,-1.316657571,-2.514527461,-2.042468602,-3.628294261
7,-0.518418693,0.145325616,-0.863013578,0.925216488,1.518520215,0.868488242,0.327799877,0.087997817,-1.634039004,0.512668453,-0.463517123,-0.336617538,0.250440137,0.441507525,0.387933992,0.456360434,0.576376558,-0.523846011,0.049058332,0.315690818,-0.158066685,0.622403075,1.587546144,-0.387497742,0.236626467,0.555506731
8,-0.433640877,-0.873424966,-1.106878865,-0.264767685,0.890588776,0.181737062,1.051982473,0.336117091,-0.324431961,0.45243298,0.500513985,0.001715777,0.180705044,0.041627715,0.123861888,0.517774074,0.895821805,-0.514477234,0.113433462,0.23278722,0.028751412,0.240513189,-0.138748102,-2.101509736,0.265141006,0.558137426
9,-0.18896264,0.585817416,0.492438457,-0.217039669,-0.117458727,-0.5521554,0.502014302,0.3710802,-0.132953866,-0.003071755,-0.147346625,-0.171973645,-0.1197772,-0.619923784,-0.313898626,-0.242848022,-0.47144265,0.385599017,-0.263417602,-0.209069606,-0.256228582,-0.64239172,-0.529883799,-1.255440964,-0.430547141,0.102893946
10,0.088431206,-1.236748261,-0.824204811,-1.715708592,-1.95682279,-2.501081588,-1.67211458,-2.120856608,2.373117426,-0.576061109,-0.399559056,-0.046969593,-0.540011859,-0.962476679,-1.378393807,-0.754844787,0.063071419,0.344960223,-0.245469719,-0.44609349,0.572044769,-0.919833006,-0.547295463,-0.178103365,0.897416006,0.379995874
11,-0.178805736,0.130436037,0.723849433,-0.93481143,-1.079778457,-1.925242588,-1.393430784,-1.323770598,1.835958126,-0.618421222,-0.535643312,-0.85396931,-0.849931532,-0.415445743,-0.598454284,0.456757857,-0.224108972,0.958566882,0.05021152,0.247828514,-0.233901057,0.968845268,-0.360491061,-0.960071497,-0.678331135,0.089492729
12,-1.13281744,-0.793252393,-0.818371949,-1.099181919,-1.207956626,-1.948029945,-1.528220514,-0.995827371,1.446962034,-0.266033813,-0.015270128,-0.486569217,-0.633972115,-1.031904345,-2.195505843,-2.011261121,-0.802894409,1.308975878,0.286134033,-0.436579891,-0.271942276,-0.909949208,-2.334157592,-1.832999397,-2.161774372,-1.198438728
13,1.687467024,2.218689573,1.649336386,0.260348918,1.289416716,0.785158903,0.95113475,1.667230471,-0.606188553,-0.836911795,2.048616153,1.384573208,2.084026377,1.434260423,-0.645423004,1.349549578,1.659227802,-2.149708801,2.740638401,1.88921102,2.01853304,-0.596935861,1.26975225,-0.519410305,1.37096273,0.41131491
14,-0.227252768,-0.637432447,0.054028442,-0.365849089,-1.767154436,-1.632208043,-1.52331882,-1.202051965,0.604012148,-0.697190787,-0.306616471,-0.336598971,-1.180386422,-0.573672262,-2.036482754,-1.123136595,-0.689330028,0.767108823,0.004713265,-0.30680906,0.345320208,-0.327396655,1.138724309,0.431603611,0.485902796,1.809795053
15,-0.683993731,-1.305657343,0.112189658,-0.617640519,-1.219862442,-1.013883387,-1.95825718,-0.42078572,1.193040406,-0.513304719,-0.972067158,-0.307832585,-0.285129969,0.263493514,0.260454606,-0.747864509,-0.394278729,0.996355613,-0.501557048,-0.419747338,0.715534947,0.818428273,-0.335085957,0.956005266,1.272816411,2.128396864
16,-0.53932856,-0.843097168,-0.658733608,-0.735016128,-0.470145578,-0.347870642,-0.992492576,-2.134351618,0.973260517,-0.776103354,-0.744307209,-0.779612305,-1.568486526,-1.089084074,-1.362708255,-1.978644766,-1.887476895,1.696492963,-0.764064257,-0.810986946,-1.223001935,-1.235134357,-1.694825188,-2.006849491,-1.759597964,-2.61739581
17,-0.236004009,-0.307624902,-0.30232378,-0.241805664,-1.916638937,-1.236565317,0.151199575,-1.108982609,1.602480499,-0.616198657,-0.455163575,-0.640971935,-0.37124846,-0.980009903,-0.771651721,-1.596610057,-0.658163152,1.295627298,-0.214978067,-0.064102149,-0.808553911,0.084399979,-0.32735787,0.146971475,-0.071542351,-0.810688861
18,1.12543817,1.236266706,1.192544622,-0.015834756,0.295741633,0.22340447,0.409903119,-0.068118086,-0.148852764,-0.747552834,-0.623093733,-0.831193363,-0.832269419,-1.891273085,-1.85072437,-0.856469726,-1.682232883,1.897786148,-0.660334471,-0.3576891,-0.9889902,-1.322207543,-1.4585622,-1.610213505,-1.200155128,-1.761283499
19,-0.553372685,-0.371238002,0.196826868,-0.475334503,-0.132026566,-0.69408603,-0.165167156,1.476310453,0.661127691,-0.737104403,-0.851180912,-0.97397251,-1.055457818,-1.553435347,-0.77835604,-1.78719092,-1.099728966,1.67834588,-0.86892307,-1.119245205,-1.398093603,-0.617656679,-1.145711083,-2.810272671,-2.446006425,-2.194472348
20,-0.304993152,0.903774684,1.758843484,-0.048889209,-0.183397013,-1.382111295,-0.181343184,1.976984454,0.087245987,-0.795906087,-0.594368446,-0.934937954,-0.678018377,-0.94928194,-1.344107734,-0.905672255,-2.517535849,0.901567987,-0.535416826,-0.989793783,-0.988602781,-1.280223658,-1.581462693,-1.634622173,-2.142335451,-1.606776795
21,-0.140947659,-0.368323868,-0.638791838,-0.607436094,-0.581658363,-1.147443238,-0.803921372,-1.31319193,0.467827758,-0.91919734,-0.992495994,-1.07187278,-1.278234683,-0.870411312,-1.060811395,-2.008094084,-1.661240715,1.244263198,-0.845170641,-0.898704114,-0.694128301,-0.859297745,-1.859281145,-1.800627782,-1.301561503,-2.492517064
22,-0.560309136,-0.878763117,-0.175139514,-0.80172523,-0.579942084,0.448471826,-0.516983493,-0.940076358,0.804406029,-0.791983786,-0.466779712,-1.017816497,-1.278583913,-0.882256211,-1.597703328,-2.364081593,-2.102303208,1.28933609,-0.722283033,-0.877215742,-1.016423626,-1.357102041,-2.260875063,-0.292414028,-1.73700053,-1.599715447
23,-0.768208549,-1.140746167,-1.519239398,0.211562914,2.112886151,-0.043286848,0.637643981,1.207450069,-0.401376289,-0.102244869,-0.226963421,-0.092155495,0.852813109,0.500816866,0.985627715,-0.214803484,0.804151533,-0.449239554,-0.055068141,-0.721812171,-0.079174192,0.158522744,0.809088576,1.577949268,-0.505442247,1.094751441
24,-0.50175,-0.490909757,-1.1837163,-0.837616665,-1.333411499,-1.131376958,-0.362055044,-1.02163052,1.175830844,-0.373132235,-0.599675136,-0.504244356,-0.437262475,-0.395566393,0.042116106,0.18787206,-0.370644975,0.065552414,-0.533251452,-0.741132964,-0.752087903,-0.280942514,1.797196967,1.536424072,0.416785976,-0.203585268
25,0.360013459,-0.174475747,-0.947337884,-1.291470506,-1.589111498,-2.090317703,-1.251259637,-1.651381848,1.962482619,-0.661703732,-0.498762632,-0.025872895,-0.326855836,-0.326770659,-0.65549072,-1.183515212,-0.807956812,0.068273592,0.064449626,-0.521077212,-0.316775554,1.299051842,-1.183031445,-0.385557638,-0.349168824,0.081291574
26,0.167698804,-1.446965114,-0.431629318,-0.595579872,-1.216467593,-1.646600124,-1.358147984,-1.723537628,0.941800639,-0.395597766,-0.30314951,-0.623502368,-0.665797618,-0.548996397,-1.062459657,-0.855079845,-1.211835237,0.202369205,-0.654578615,-1.01542523,-0.822222844,-1.042311632,0.036330874,-0.60033796,-1.480389431,-1.232754555
27,0.307081095,-0.379516231,-0.249973089,-0.778468321,-1.383591962,-1.384626843,-1.041676868,-2.257460046,0.73860331,-0.620457979,-0.220852584,-0.900313033,0.060058463,-1.223535717,-0.802563148,-1.11420104,-1.302223229,0.404811776,-0.523883372,-0.225399393,-1.048389533,-0.635539539,-0.931858451,0.92180668,-0.362326749,-0.470801654
28,-1.063935363,-1.200284737,-1.751689107,-1.135226257,-1.276038174,-1.800666522,-2.58947079,-1.17984251,1.878922813,-0.073470649,-1.194327652,-0.196857179,-0.090734915,0.704536552,1.015798835,-0.780142358,-0.909136579,-0.396118499,0.560924892,0.097536876,0.964727258,1.928860553,6.875554703,5.953734173,4.687980767,3.372384783
29,-0.240374472,-0.238394052,-0.007163519,-0.578594715,-0.808083766,0.450714071,0.823033956,-0.190182423,0.016279453,-0.731256141,-0.789388074,-0.879340282,-0.930690295,-0.733756668,-0.651981795,-1.283421499,-1.252999189,0.69912155,-1.070560432,-0.885826148,-0.964782894,-1.43074865,-1.039229292,-0.141081226,-2.150067033,-0.491916514
30,1.49728801,0.83989865,2.774621442,1.696904699,0.129757969,-0.087999218,0.962746388,-0.345899822,-2.169655439,2.924115145,4.892543984,-0.11078293,-0.234381799,0.646171257,1.465944222,0.473255112,0.199288719,-1.478402434,3.169926662,1.07028119,3.217533851,1.746888824,0.491015584,0.00891929,0.35397412,-0.062783231
31,-0.579698374,-0.267799422,-0.413592401,-1.284652381,-1.158905346,-0.982788121,-0.750928979,-1.765053637,1.588838248,-0.631263399,-0.278190446,-1.112813068,-0.711268176,-0.424931093,-0.364622456,-0.357397044,-0.130050011,0.019240743,-0.587823669,0.011487225,-1.034401773,0.062561392,-0.363059405,0.027997575,0.025502754,-0.125548379
32,-0.321231474,-0.313523584,-0.096987633,-0.812967076,0.233282562,-0.256854989,0.03960624,0.524581354,-0.173695826,-0.676741884,-0.861749785,-1.01343367,-0.816432831,-0.764756737,-0.786640249,-1.442680989,-1.448944738,1.465624946,-0.636909437,-0.801446056,-1.062369398,-1.470910198,-1.095054614,-0.617731594,-1.484403875,-0.90470407
33,-0.320132725,-0.567104831,-0.608082655,-0.71942392,-0.885031805,-0.721038306,-0.08396516,0.175607578,1.128222421,-0.442358366,-0.706125839,-0.574831988,-1.456848717,-0.510762931,-0.627821686,-0.720950455,-0.742353294,0.734861089,-0.651037413,-0.776731704,-0.593892006,-0.978036904,-0.755235969,0.150496614,-1.233696962,-0.440450003
34,0.298486356,-0.104547827,-0.35439237,-0.062964551,-0.62109091,-0.764136741,-0.664061475,1.40161277,0.053534048,-0.578610548,-0.507674064,-1.623512235,-1.398539597,-1.310649344,-1.019608844,-1.797130666,-1.449765402,1.462446671,-0.970640921,-1.162340067,-1.00143383,-1.251442763,-1.80191826,-2.844075298,-2.242453582,-2.312953447
35,-0.081071716,0.099852346,-0.865519131,-0.706296285,-1.073365169,-1.011352594,-0.377165515,-0.989009847,1.235712234,-1.042109537,-1.104494634,-0.684743705,-0.238223986,-0.603704871,-0.850702814,-1.323924686,-0.973185812,0.643084879,-0.99608803,-0.776865159,-1.729092911,-0.381911019,-1.075890453,-1.204299182,-0.759660355,0.799280695
36,-0.867542709,-0.656841859,-0.890852929,-0.948235009,-1.002434936,-1.302285718,-0.92452603,-0.533299526,0.973606097,-0.691847058,-0.889468366,-0.87548937,-0.894461215,-1.113060769,-0.935622001,-1.251332478,-1.157829918,1.289658989,-0.849323859,-0.769361035,-0.821388278,-1.718584215,-2.139681449,-1.294260223,-2.038778445,-0.672021879
37,-0.595348586,-0.767493636,-0.669371803,-0.937564544,-1.017706043,-1.089538334,-0.710149998,-1.009361093,1.085756258,-0.661311097,-0.631692068,-0.45942831,-0.793337654,-0.593452615,0.230242381,0.140224226,-1.027714268,0.203013001,-0.34218228,0.003491177,-0.447207223,-0.137837236,1.095492443,0.932736257,0.131497414,0.847056596
38,-0.239461099,-1.213765411,-0.300742821,0.271607678,-1.545577137,-1.490037223,0.461482423,-0.535721727,0.487403963,-0.326274859,-0.246169116,-0.586556114,-0.98776999,-0.942180404,-0.402049583,-0.555781705,0.107480301,0.212795829,-0.560918439,-0.370211288,-0.562543988,-0.860612019,-0.863436546,-1.469455966,-0.148285301,-0.963986847
39,-0.299852752,0.432512208,0.509567151,-0.094719023,0.230883653,0.014891678,1.178402167,0.319791334,0.222074551,-0.410679295,-0.277546792,-0.245702963,-0.834092705,-1.012702151,-1.389215541,-1.165462634,-0.734644609,0.529327345,-0.130588584,-0.037127435,-0.502939453,-0.789256687,-1.281268102,-1.386670055,-0.492808148,-0.464073288
40,0.104697441,0.318405464,-0.351766957,-0.683804959,-0.508906954,-0.367684553,0.098543981,0.574477008,-0.000839162,-0.281386927,0.093484773,0.304149437,-0.700562909,-0.605438976,-0.565654278,-0.005580543,-0.257348196,0.408917934,-0.241608535,-0.313087978,-0.187235611,-0.598909059,-0.883249223,-0.456750822,-0.10390282,0.015740953
41,-0.537358639,-0.972682175,-0.826957106,-0.435814631,-0.904724256,-1.014284806,-1.48594536,-0.546463535,0.882849389,-0.539177637,-0.773673137,-0.298396753,-0.820415665,-0.977153003,-0.763289327,-0.992361755,-0.707915055,0.967870008,-0.492780874,-0.322537515,-0.018445697,-0.654814877,-0.443036669,0.145482948,-0.968023965,-0.478406306
42,-0.554364155,-0.003843924,-0.330033254,-0.765530645,-1.076231574,-0.536680979,-0.203776452,-0.585825383,0.510253871,-0.640126801,-0.755979091,-0.443801471,-0.802248881,-0.539106183,-0.934337599,-0.46085015,-0.994771375,1.460365727,-0.393258729,-0.19091052,-0.300533032,-1.081179716,-0.849860118,-1.58955542,-0.502477918,-0.411438999
43,-0.704856458,0.022022592,-0.621395399,-0.836515252,-1.068095622,-0.428315451,-0.604323113,-0.934224562,0.912234064,-0.48587014,-0.756945685,-0.255981335,-0.724442834,-0.712487299,-0.029849718,-0.147517855,-0.756261516,0.283738317,-0.359204977,-0.712809159,-0.54686172,0.194120826,-0.381489281,0.142984191,0.998525308,0.232695277
44,-0.409510628,-0.939018698,-1.655813437,-0.620683654,-1.815597394,-1.954044076,-1.503329922,-1.490814094,1.584699009,0.077271646,-0.729797189,0.038365552,-0.295656724,-1.310196861,-0.98257954,-1.71283085,-0.749382874,0.88088369,-0.237473457,-0.364631538,0.450711386,0.255908651,-1.115655986,0.252495051,0.909847609,0.462876141
45,-0.953717563,-1.063416921,-0.514255576,-0.826673494,-0.499361673,-0.880348077,-0.653266206,-0.531917881,0.116659729,-0.00017689,-0.196281346,0.199695795,-0.50772109,-0.582459989,0.616745753,-0.308459027,-0.156958813,-0.086377488,-1.45559096,-0.393138284,-0.581320774,-0.7070804,-1.030404085,-1.426137443,-1.995751815,-2.062950681
46,1.413097307,-1.548737991,0.986745999,-0.66895251,0.782082537,-1.236408606,1.083745893,0.479717923,-1.15348737,2.680636207,2.712303784,1.021040557,1.02074086,-1.007854602,1.8157061,-0.452321534,0.599643318,-1.58174499,1.036302506,0.368169912,0.588978366,2.111253514,1.195190154,0.124390246,1.177995242,1.418441375
47,0.440501117,0.703420705,0.29391383,-0.147150827,-1.034303283,-1.601579346,-0.525425822,-0.612602293,1.231774468,6.99613711,6.662743877,4.807410559,3.354029473,2.352538196,3.626806892,0.203285299,0.329866541,-2.974238655,6.667430507,6.528261938,6.658034156,5.04768619,1.972001967,2.24446457,2.734398904,0.579299438
48,-0.128624134,-1.316670998,-0.654216912,-0.566660577,-1.795374968,-1.205754776,0.26034924,-1.174319952,1.782033569,-0.308885612,-1.158266591,-0.144822214,-1.453855025,0.056939808,-0.31892917,-1.014358619,-0.298785154,1.003546063,-0.797121313,-0.068804134,-0.768033216,-0.123721862,0.470606705,1.247453298,-0.704268696,-0.630039215
49,0.165278522,-0.496519232,0.320528078,-0.668151506,-1.035465887,-1.194846475,-1.136730712,-0.845744546,1.389566436,-0.679627835,-0.624166148,-0.883716324,-0.858012177,-0.557771224,-0.606253904,-1.235312341,-1.097572314,0.982226355,-0.264868309,-0.361145913,-0.779121382,0.360790387,-1.41316764,-1.656477524,-0.990751731,-0.321647453
50,-0.663951905,-0.450975438,-0.701019545,0.815483781,0.551501529,0.039487259,-0.21814835,-0.611010857,-0.032391833,0.395230757,0.538584813,0.209292705,0.48243442,0.314113949,0.791214182,0.906099805,0.498468475,-0.569455104,-0.451800794,0.136922572,0.405453753,0.347729144,0.42557094,-1.000657422,1.505897376,-0.17345676
51,3.554617624,3.403288484,2.093380211,2.118597831,1.31307727,1.17204118,1.308176718,2.598552545,-2.231644062,2.292636792,1.661386629,1.652105369,1.925361604,1.44881153,1.978826013,0.697326857,1.462549443,-0.67136612,0.522498257,1.130500817,1.431085687,-0.45100621,1.246529117,0.022539367,0.884748691,1.161557106
52,0.537236871,-0.110738841,1.095890097,0.105133917,0.044498088,-0.313838151,2.203137226,1.67138871,-0.940477205,-0.850237817,-1.014300731,-0.845284347,-1.165902545,-1.327613678,-1.848225201,-1.818230834,-2.481363147,1.096289003,-0.777589374,-0.960074644,-0.782514638,-1.179817897,-1.343302029,-2.075129095,-1.871747866,-2.131743004
53,-1.001349427,-0.418251346,-0.84576203,-0.50435781,-0.893131195,-0.731115208,-1.888171309,-1.355756246,2.082520694,-1.011327375,-0.369810336,-0.409060201,-0.566536327,-0.584201706,-0.976212718,-1.077409179,-0.969560117,1.039241119,-0.280455908,-0.363577598,-0.301460495,-0.31734603,-1.034501068,-0.39581147,-0.787033837,-0.122981071
54,-0.566970245,-0.259926985,0.18230454,-0.667925144,-0.881777231,-1.194509872,-0.589377909,-0.661513268,0.943538221,-0.523285982,-0.395797875,-0.547214676,-0.716738218,-0.441037778,-0.758860629,-0.05911371,0.065964382,0.007515184,-0.214020773,-0.802830048,0.019449352,-0.019693007,-0.4084508,1.777442144,1.573670404,0.586774659
55,-0.714840822,-0.859372463,-0.439300026,-1.022131911,-0.694544841,-1.292822411,-0.605172174,-0.927042546,1.215195571,-0.437816148,-0.474928633,-0.472418144,-0.826231123,-1.173404571,-0.705002688,-0.286814621,-0.998309281,0.140924901,-0.356185688,-0.722523589,-0.716035274,0.450167152,-1.530801714,-1.4770641,-0.225725313,-1.032162583
56,-0.637353885,-0.408089452,-0.484473341,-1.088329378,0.315367615,0.739395317,1.782589298,0.619998262,-0.099434899,-0.014396687,-0.005828711,-0.559903613,0.403770627,0.789654998,1.058634672,0.649606164,1.168684752,-0.627647017,-0.322911028,-0.478364348,-0.178161339,0.620755791,1.215414605,0.587175653,-0.385959778,0.12764909
57,-0.53591167,-0.108153518,-0.560883425,-0.508982222,-0.124615094,0.457091799,0.781161035,0.96964878,-0.468299872,-0.662171955,-0.739437442,-1.145690072,-1.064408571,-1.291118085,-1.325190831,-1.346072724,-0.990808048,0.983808787,-0.897408287,-0.779417178,-1.472617867,-1.231716915,-2.336203283,-1.300295681,-2.013829881,-3.121054527
58,0.108015813,-0.775959698,-0.729410929,0.265449852,0.880926111,2.379064809,0.686821595,1.459282207,0.383523048,-0.106037128,0.079485235,0.133286282,0.728178088,1.972376292,1.389101851,0.640068606,0.55132759,-0.488193404,-0.35672991,0.041503842,-0.215958273,-0.12872414,0.460307915,-0.186342126,0.386142799,0.961645222
59,-0.260213568,-0.617284325,-0.70787489,-0.838558438,-1.120944663,0.244100639,-1.740635686,-0.441407471,0.620135669,-0.094713897,-0.531005244,-0.519770072,-0.303933494,0.345387643,0.714957472,0.187194071,0.187942115,-0.116765828,-1.163114293,-0.598615359,-0.784651406,-0.307456076,0.918000387,0.667331805,-0.989720348,-0.495777654
60,0.777182129,0.597515323,-0.89634966,0.245727801,-0.388632363,-0.689453621,-1.345897609,-0.661804849,1.002083385,-0.533296045,-0.235688604,-0.376188055,-1.040924997,-0.51610012,-0.382302549,-1.089870089,-0.058045764,0.601355797,-0.633008382,-0.216378261,-0.897321038,-0.934308484,-1.639231005,-1.263056573,-1.28829235,-1.067806528
61,-0.650483574,-1.168660516,-1.060858439,-0.938057011,-1.126045653,-0.891662632,-0.238136022,-0.845828586,0.780286474,-0.602199786,-0.519284744,-0.66028226,-0.122426501,-0.800735635,0.754237145,-0.59206049,-0.808531728,0.517488304,0.124897881,-0.186491162,-0.430721812,-0.039202734,0.457112201,1.542811251,0.02506505,0.555262088
62,2.55612631,1.997298756,1.351348452,-0.565521741,-0.134235237,0.291674749,0.285919853,0.93861137,-0.337753183,7.156142891,5.907867656,7.81384075,4.587039971,5.628443021,5.011959449,3.552417297,3.001933396,-5.112595971,8.813633106,7.511932505,6.146881538,6.377255963,3.199053116,3.16352901,2.867585998,1.524735847
63,-1.039603353,-1.200779341,-0.501242687,-0.302726463,-0.708170682,-0.247406365,-0.594661089,-1.665511556,0.655983557,-1.008965999,-0.262626616,-0.077594646,-0.19689476,-0.491982596,-0.714398647,-0.267710297,-0.712453186,-0.08919785,-1.031361683,-0.84190839,-0.44841903,-0.965274937,-0.452857371,-0.370118429,-0.766868531,0.050207056
64,-0.240801473,0.172569238,-0.311499361,-0.511590369,-0.280930048,-0.091176673,-0.176365331,-0.436708328,-0.31180758,-0.034190438,-0.277352189,-0.033854442,-0.427407666,-0.035581381,-0.342313746,-0.149030338,-0.663896255,0.284042085,-0.093874693,-0.329145255,-0.252396669,-0.453240239,-0.772769771,-0.207070776,-0.423927028,0.04348678
65,2.977812575,2.109977024,3.56473887,3.291341057,1.723727881,0.82763512,0.352820192,1.383986732,-2.071694021,0.82798788,3.953151841,6.410291856,3.934950217,2.527771065,0.996375128,3.967306935,1.47966772,-0.894315436,1.291527484,1.470577878,2.147443204,3.584427583,1.121626316,0.433960556,2.460177271,2.20963773
66,-0.790874179,-0.793847774,-0.623664859,-1.0500247,-1.201491141,-1.667825709,-1.537792379,-2.047431248,1.217239858,-0.532001047,-0.621988727,-0.692025535,-0.90587745,-0.949707944,-0.908878876,-0.799847621,-0.69601579,0.520404748,-0.484301746,-0.006296598,-0.68795785,-0.655559598,-0.273468087,-0.782830283,-0.195513829,-0.418930712
67,-0.562397294,-0.389479768,0.087029918,-0.589995167,-0.082662017,-0.318122573,0.024051704,0.101874845,0.305171558,-0.356599259,-0.5323309,-0.363628784,-0.527560505,-0.26338303,-1.307138101,-0.614828817,-0.781684514,-0.055205116,-0.403364382,-0.298405343,-0.298779037,-0.623769963,-0.486303263,-0.70217433,-0.601969013,-0.439319489
68,-0.036424915,0.128188727,-0.338525956,-0.279445527,-0.987286291,-2.135280558,-0.303888822,-1.706021641,0.497921307,-0.409843884,-0.294095636,-0.134568851,-0.761259248,-1.113656549,-0.361228468,-1.080578069,-0.827060822,1.618395939,-0.388702021,-0.435248199,0.128230799,0.335532069,0.537325168,-1.815088417,1.242494859,-0.127867744
69,-1.491134054,-0.124509595,-2.075415477,-0.935655019,-1.157693573,-2.059328853,-1.517318374,-2.414614345,2.447111433,-0.447241825,-0.397011087,-0.761084883,-0.282229997,-0.763470598,-0.826382569,-1.294508008,-0.735160202,0.668113344,0.139127725,0.611766228,1.438974561,2.046541623,2.124416949,1.701213951,1.929012896,1.084172642
70,0.415174347,0.648880321,-1.204288073,-0.452343012,-0.569029013,-0.838261537,-1.618874828,-0.296089884,0.098335905,-0.520437106,0.066959743,-0.643225549,-0.779247141,-0.766175127,-1.693240305,-0.729756949,-0.696766109,0.942948997,-0.522323801,-0.319165965,-0.507108997,-0.567067837,-0.757155124,-0.870207968,-0.434052615,-0.584608311
71,-0.624580723,-0.069429595,-0.375558638,-0.732060566,-0.600167174,-0.227524987,0.938144095,0.41657841,-0.357256053,-0.716273389,-0.914508693,-1.122876529,-1.155024589,-1.855061844,-0.207888845,-1.299624855,-0.59060927,1.900749741,-0.909534354,-1.138107051,-1.375692545,-1.701474545,-1.275807901,-1.42428674,-1.692941143,-1.232348403
72,-0.421496026,0.081434595,-1.450257311,-0.351411758,-0.765207384,-1.410185509,-1.595012333,-2.260665946,1.052584673,-0.494951568,0.558777112,0.209680193,-0.302709081,0.049836534,-0.391431593,0.243697601,0.641033623,0.230304777,-0.189327473,0.131939023,0.276931028,-0.411114354,0.406093301,0.341230684,0.100070181,1.347605769
73,-0.490452672,-0.206578529,-0.190805135,-0.093446522,1.778973158,0.469034121,0.386524229,0.811878338,-0.358602531,-0.433858215,0.023412157,-0.125523266,0.733899132,0.784622153,1.123203217,-0.143532841,0.835710025,-0.411228224,0.03900211,-0.168707659,0.06556402,0.141755126,1.746434451,3.155044471,-0.165995601,-0.47808365
74,2.606405571,2.940552307,1.717349998,0.767829515,0.113735353,1.836444455,1.773442236,1.985903131,-0.790980547,4.096086041,2.568431221,1.091777253,1.914773785,-0.420991151,1.781804417,0.65106201,2.540349327,-1.630820608,4.102248085,3.009605611,1.891540703,2.003498017,1.368648436,0.909729741,2.065005159,1.815439324
75,-1.163786502,-1.806963767,-0.823471787,-1.007739974,0.230395036,-0.512762648,-0.893925065,-2.415211973,1.624693077,0.037459934,0.621256576,0.457936413,-0.125658327,-0.232155876,-0.513157802,0.365029399,-0.075929373,-0.082496117,0.255356621,0.211128349,-0.113444067,0.29336602,0.569937015,0.003678858,0.45074732,0.051751452
76,0.571538236,-0.390403811,0.130487816,-0.367682607,-0.116268269,-0.40864092,1.877830563,-0.339668895,0.753853965,-0.947909241,-0.794915927,-0.716553083,-1.076462351,-1.187030608,-1.458274004,-0.909393426,-1.071602492,1.408657262,-0.786082106,-0.979576097,-0.738377908,-1.148069792,-0.824806352,-1.528135924,-0.636150797,-0.764136215
77,-0.462789388,-0.824289651,-0.858669965,-0.709410126,0.040410158,0.152119238,0.204562283,-0.048373004,0.606142242,-0.584130972,-0.714168594,-0.742340391,-1.124157117,-1.716273708,-1.424098151,-1.124739337,-1.760219796,1.52327633,-0.604833016,-1.118962178,-1.131290234,-1.249778264,-1.753422789,-2.22766582,-1.604567208,-2.056323714
78,-0.689508196,-0.746752283,-1.11502147,-0.867016245,-1.697441734,-1.338150836,-0.880577921,-0.658247957,0.880176891,-0.91809923,-0.699262493,-0.977601074,-0.916861747,-1.62234417,-1.414851216,-1.385291445,-1.766261681,1.821727343,-0.76140114,-0.9240336,-1.360720896,-1.690348812,-1.931614529,-1.176401845,-1.384580585,-0.952803774
79,-0.786244375,-0.248575235,-1.045795861,-0.582659407,-0.378265861,0.333402222,0.224905194,-0.607456479,-0.00857284,-0.524406212,-0.753286641,-0.890882767,-1.220117723,-0.726452468,-0.654917611,-1.076829082,-0.207706173,1.355999379,-0.461662116,-0.584937428,-1.186522325,-1.201573577,-1.403964863,-1.221301924,-0.881780967,-1.614787767
80,0.55846379,0.112387071,1.447547549,-0.293251231,-0.274335849,-0.464257403,0.539619903,0.156781887,-0.03281415,-0.373981794,-0.072090463,-0.224364512,-0.102195424,-0.207624602,0.136748349,0.351748791,-0.360869888,0.291352608,0.048797836,0.138329315,-0.102784512,0.115211911,0.111656297,-0.660961287,0.691395483,0.709897777
81,-0.792084114,-1.07406285,-0.788328048,-0.707559363,-0.094492828,-1.121653275,-1.189441766,-0.060532463,0.229282612,0.578469235,-0.332837913,-0.307575252,-0.219525336,-0.049965154,0.311675959,-1.332581784,0.101705939,-0.259959617,0.6270694,0.247393816,0.191034885,-0.460950422,0.200041301,0.488559024,0.046035699,0.40628958
82,-0.015723167,0.996884583,-0.143586201,-0.092443165,0.057023486,-0.217189244,0.571716653,0.774916427,-0.540764787,-0.532357216,-0.424110709,-0.189673382,-0.623949851,-0.108865795,-0.90515313,-1.12804228,-1.133557221,0.852523154,-0.962681453,-0.62650667,-1.057221045,-0.511448019,-0.583484617,-1.517491787,-1.300434572,-1.386728066
83,0.130700889,-0.086663807,-0.544263444,1.367545188,1.454215493,1.41596235,-0.582744874,0.415788475,-1.998805978,-0.297835618,0.383558845,0.210210079,0.594447762,1.082581273,0.517385904,0.934805644,0.729418742,-0.81764874,0.256528109,0.206088225,-0.189608437,0.17987459,2.0601702,0.162824448,0.912357544,0.44599682
84,0.120824661,-1.404543135,-1.157886244,-0.034711871,-0.388477567,-1.15164782,-2.580722582,-0.789935708,1.219805858,0.349578449,0.362088641,0.886130714,0.405528468,-0.339971633,0.56247322,0.674208181,0.81578943,-0.782224945,-0.004391518,0.33880161,0.295817652,0.310174921,0.172186006,-0.004473183,-0.551811858,-0.310768094
85,0.943980801,-0.080746818,0.053208266,0.719215043,-0.261603162,-1.416154589,1.043673704,0.460623657,0.267679952,-0.644652826,-0.808872264,-0.55620686,-1.121772043,-1.22986757,-1.490908363,-1.623000636,-1.585622472,0.62378811,-0.911863513,-0.540366762,-0.775026491,-1.471481702,-0.854847124,-1.077814012,-1.35383977,-1.977071612
86,0.031179764,-0.722971539,-1.079615408,-0.50012395,-0.523397413,-1.681868372,-1.139237429,0.163735553,0.849032607,-0.272075195,-0.654868267,-0.447127665,0.213692451,-0.538673927,-0.384594641,-1.278817657,-1.033384425,1.196247809,-0.183166619,-0.56977577,-0.503475375,-0.067477015,-0.277697441,-1.210857349,-0.37901499,-0.358250353
87,3.146603399,3.00392375,2.716100804,1.770396166,1.13797532,0.895610925,1.435669069,1.486398046,-2.600091053,2.550671994,2.565110325,1.720387026,-1.125605735,2.627461897,0.877219908,1.921543229,1.743841085,-2.893466253,1.137659178,0.849854791,0.703104591,0.845158287,1.630597217,-1.803986001,1.915821202,1.195209703
88,2.914210305,2.401792488,2.445838907,2.035968202,1.858517007,2.58810966,0.808360213,0.96958762,-2.678550254,2.903516455,0.382670107,0.662107472,2.442677388,3.025258612,1.047467221,1.768575094,1.895326351,-0.655733979,-0.706390019,0.991561613,2.377494331,0.939891537,0.802641584,1.780295796,0.070333562,2.106442655
89,1.771525966,0.683067977,1.5327244,2.401035264,2.002037238,1.744346411,0.932722859,0.832449399,-1.668944476,0.821910245,0.560386915,3.756134268,1.815511989,2.893844992,1.155183136,1.987193572,1.51036411,-2.025441547,-0.352884141,2.974333421,0.036081362,1.452742526,0.607502216,0.931979762,1.133193036,1.424677852
90,-0.880909432,-0.454940703,0.102741156,-0.74110472,0.064272099,0.201678933,-0.171040722,0.07374616,-0.288171365,-0.672219939,-0.523318799,-1.101420997,-0.996012764,-1.63152257,-1.27436906,-1.523722352,-1.58676537,1.051043632,-0.628984139,-1.044759149,-1.03991936,-1.658669517,-1.612327671,-1.94387542,-2.378328476,-2.233903929
91,-1.243741946,-1.06174194,-1.532317488,-0.388423551,0.021088895,-0.090903753,-1.960635368,0.627110401,-0.827469299,0.747723453,0.332610035,0.638233671,-0.441387526,-0.067733223,0.596469919,0.709074367,0.516585392,-0.350241824,0.505221245,0.829570572,0.349245811,0.251899578,-1.703923969,-0.861062475,-0.126540073,0.328746064
92,1.928040025,0.77243598,2.22636085,1.480654101,-0.206877894,0.067563889,1.528950504,0.152492966,-0.900626277,3.881857219,3.481391549,2.389283276,1.298604875,1.795594041,3.304426464,2.157314291,1.64467798,-1.837972596,-0.423991302,4.039408,2.065664602,1.548232914,2.654350362,0.817601806,0.815883527,1.737128078
93,-0.393425013,-0.671247892,-0.543290005,-0.592702726,-1.476283251,-0.395745091,-1.272426571,0.404353125,0.014644066,-0.454046671,-0.702401023,-0.071350179,-0.140074486,-0.55137649,-0.267438112,0.21106644,-0.327965052,1.172295086,0.365995796,1.122398306,0.862580399,-0.201517868,0.527165793,-0.031155336,0.111430853,0.638259207
94,-2.138982012,-1.429080994,-1.449752637,-2.012780616,-1.557719305,-1.709217655,-2.100483861,-2.273643628,2.624662452,-1.04359364,-0.647472496,-1.224519058,-1.333131603,-2.046326202,-1.77466337,-1.778529049,-1.75297464,1.289199189,-0.969208824,-0.841598417,-0.887243534,-1.542309402,-1.284147794,-1.517468303,-0.290273575,-1.522074004
95,-0.059767754,-1.169229561,-0.091170312,-0.07300308,-0.553700507,-0.883955823,-0.52589702,-1.45133543,0.881199965,-0.374594444,-0.282460758,-0.426460131,-0.481070691,-0.700903147,-0.991370274,-0.420478191,0.73818522,0.294582131,-0.156345612,-0.644592474,-0.213417962,-0.672488666,-0.933416788,-1.147162842,-0.446902094,-0.287920191
96,-0.229179674,-0.280918769,-0.210948587,-0.765977612,-0.921850805,-0.873373659,-0.855210925,-0.70430294,1.106354127,-0.700488024,-0.470497017,-0.834328179,-1.114420146,-1.176986316,-2.359787725,-0.686421683,-0.625507706,0.693286227,-0.876325989,-0.974756391,-1.275454274,-1.793752955,-1.750039642,-3.199382603,-1.926777203,-2.133742146
97,-0.093262388,-0.654530817,-0.081538874,-0.751624324,-1.355823723,-1.321586342,-2.294541747,-0.101699925,0.676249307,-0.433982961,-1.116085645,-0.556770863,-1.114474079,-0.870612953,-0.993815663,-1.149351208,-1.709952543,1.070032683,-0.334456945,-0.606341325,-0.769483712,-0.856899805,-1.478865909,-0.33630057,-1.181696077,-0.306247745
98,-0.625769361,-0.432135043,-0.356773671,-0.774220635,-0.959117375,-0.759129354,-0.650960858,-0.53111773,0.44743926,-0.693656351,-0.712264962,-0.943063697,-0.977287906,-0.71095163,-0.843296452,-0.711693672,-0.523635997,0.666318178,-0.685169478,-0.863636,-0.861215226,0.090078783,-0.551290108,-0.303154677,-1.526191998,0.291801212
99,-0.727682304,-0.761400887,-0.862133399,-0.874044805,1.242949628,0.937669392,1.093917665,1.593105341,-0.333400592,0.142783616,-0.075297297,-0.10386854,0.521807315,0.031210594,1.309487135,1.068798574,1.096401514,-0.971465038,-0.27609479,-0.671193266,-0.136112995,0.662725145,1.038733278,0.406709779,0.235720652,1.091018429
100,-0.922621514,-0.866919481,-0.28826039,-0.606042039,-0.705793579,0.176755983,-0.598990756,-0.090941218,-0.744817821,0.188410822,-0.258265504,0.124911231,0.52632242,0.782480134,0.868357179,1.198512295,-0.309970259,-0.425073426,-1.364490576,-0.525243309,-0.057186401,-0.156848908,0.769632303,0.178888354,-0.153394371,-1.994468049
101,0.751269417,0.008330283,0.279370166,-0.094489234,-0.806304007,-1.081692415,-1.602688628,-1.179992839,0.733472453,-0.023529879,0.006348838,-0.005641248,-0.928360226,-0.570233656,-0.876965283,-0.391428106,0.398924932,0.53057713,-0.258093761,0.195451974,1.279848198,0.029313865,0.355465771,-0.091246788,1.760047227,1.689992749
102,-0.862868738,-0.210216772,-0.382197383,-0.312927089,-0.068438825,-0.283021002,-0.125478107,-0.837113091,0.030895953,-0.83100631,-0.811001038,-1.125867095,-1.260172501,-1.139767906,-1.121375825,-1.339718231,-2.510367184,1.600304941,-0.947852743,-0.605183645,-1.570390429,-0.935283053,-1.67062802,-0.990754037,-0.971591512,-2.630307273
103,-1.005161675,-0.839427529,-0.896264784,-0.687280536,-0.305001309,-0.390488737,-0.543005177,-0.431215927,-0.170717531,0.080483988,-0.771146741,-0.470357679,-0.614867243,0.134339532,0.472562218,-0.473480131,-0.47181081,0.237148108,-0.977439377,-0.664847117,-1.13593132,-0.854749429,-0.893678628,-0.356652373,-1.157695238,-0.914929812
104,-0.660272337,-0.52182154,-0.849377198,-1.02027816,-1.104799913,-1.113638417,-1.204939134,0.00487066,0.855320887,-0.609538772,-0.738685079,-0.689514712,-1.033158025,-0.455689977,-1.13617432,-0.205067517,-0.485147904,0.971615769,-0.829916049,-0.19592512,-0.824258217,-0.448522206,-1.096898341,-1.187436467,-0.132550716,0.674309462
105,-0.616653671,-0.571971473,-0.957484438,-0.587765687,0.045838154,-0.453422846,-0.659456179,-0.544891017,0.787775557,-0.103922289,-0.191026306,0.00698458,-0.473068342,-0.315819274,1.070336414,0.209940801,0.206327556,-0.459634909,-0.577787528,0.173769578,-0.203298759,-0.391419598,0.035547079,0.232785033,-0.213465361,-0.161496972
106,0.049131336,-0.370528261,-0.054382066,0.172426084,-0.668229903,-0.728721293,-0.170386818,0.022363371,-0.128176088,-0.151827689,-0.444165062,-0.69881978,-0.286451419,-0.551293308,-1.001970926,-0.346304179,-0.594952138,0.411439639,-0.412087355,-0.459940796,-0.237220052,-0.866458006,-0.895837309,-0.953495578,-0.598877621,-0.583666198
107,-0.734822698,-1.086264727,-0.523534738,-0.716997612,0.29905957,-0.160771808,0.038920216,-0.39099501,0.586217751,-0.098782317,-0.191450378,0.056272018,0.378811532,0.17626367,-0.333951602,0.378924656,-0.054354003,0.054704916,-0.180125995,-0.308907174,0.289139963,-0.243770848,-0.455678037,-0.377725433,-0.282437107,-0.250335607
108,0.465319529,0.168939211,-0.855910338,1.04395111,1.295332862,0.162617778,-1.060615011,-0.097215229,0.452732638,0.116671416,0.450043243,0.741988482,0.895384343,0.618851581,1.163234789,1.034152672,0.932795337,-0.836379497,-0.369800121,-0.17831076,-0.062678286,0.658271091,1.09031781,0.056886321,1.453669629,0.638293733
109,-0.809590569,-0.758597766,-0.939409798,-1.358533064,-1.104614917,-0.922633182,-0.820631465,-1.568628478,1.307285511,-0.488923998,-0.552194869,-0.525624769,-0.623859226,-0.747842771,-0.594868808,-0.926850477,0.098509966,-0.253519705,-0.180082983,-0.395912255,-0.351455323,-0.637530388,-0.190768705,0.531955615,0.947386078,-0.469828457
110,-0.557070944,0.286476327,-0.811158633,-1.000379981,-0.575889054,0.183872653,-0.929296907,-0.101258311,0.559428912,-0.108154673,-0.558877549,-0.440385781,-0.381899566,-0.428665556,-0.040877864,-1.109843415,0.29628603,1.091727502,0.190391367,-0.504063792,-0.442479803,-0.045395556,-0.390794274,0.459935525,0.002603563,0.076659696
111,-2.89E-01,-0.59573105,-0.429172596,-0.625697436,0.028685738,-0.158253819,-1.00630682,0.438228725,0.458619911,-0.586414318,-0.87896711,-0.944133111,-1.418422864,-1.337810213,-1.067210725,-1.280611324,-1.349484114,0.71237096,-0.984543925,-1.239418631,-1.154327978,-1.742799963,-1.617403384,-0.94890428,-1.902337392,-1.462703895
112,-0.626556003,0.76488139,0.276155905,-0.952176345,-0.035638567,-0.888631474,0.52711354,-1.658882474,-0.080275234,-0.829456457,-0.826409673,-0.609281906,-0.757345455,-0.620838348,-0.164069158,-0.587996124,-0.348482248,0.209131877,-0.520743927,-0.888456906,-0.676641868,-0.687083712,-2.056373677,-1.805901083,-2.138170694,-1.657751922
113,-0.60534539,-0.068040994,-0.045869148,-0.603525706,-0.702267153,-0.1913991,-0.442813725,-0.562732227,0.296429142,-0.660411768,-0.744450381,-0.485516865,-0.543776676,-0.472228406,0.379025358,0.229022215,0.216807948,0.227190272,-0.141755489,-0.597230032,-0.36122374,0.517564969,-0.10009417,2.41240811,-0.206092301,1.236077674
114,-0.895859406,-0.828544799,-0.217535163,-0.876825807,-0.860550746,-0.095479058,-0.852751133,-0.595519493,0.773340527,-0.65736378,-0.578548138,-0.908900856,-0.653030506,-1.743583055,-1.072440743,-0.776536634,-1.072366267,0.673071977,-0.828663364,-0.813440824,-0.781543509,-1.2039155,-1.133950937,-1.584991149,-0.738853756,-0.701580448
115,-0.950032687,-0.614053174,-0.532677096,-0.615428362,-0.098330243,-0.411818748,0.262839726,-0.04430514,-0.09916153,-0.669764712,-0.946644227,-1.024866183,-1.435319354,-0.784081757,-0.702863672,-1.385363061,-1.069513147,1.48085944,-1.001222499,-1.145137232,-1.274033845,-1.761326503,-1.44710825,-0.259766786,-1.111369127,-2.032168501
116,2.324861537,2.790718903,1.72323538,2.303408643,0.025065461,0.489259032,0.977831365,1.664654788,-1.618779473,-0.799035019,2.145128908,-0.180789829,-1.511748032,0.290296842,0.224164277,1.058816423,2.195770802,0.206219636,1.319181694,0.312729461,0.357947449,-0.198336198,-1.070524328,0.367744184,0.996671159,1.325226707
117,-0.632786921,-0.351540888,-0.659862162,-0.933566667,-0.320574847,-0.524344448,-0.002148234,0.299944863,0.044822141,-0.671363255,-0.670881212,-0.891287406,-1.323023637,-1.378863986,-1.881828063,-1.121877601,-1.659395037,1.381821759,-0.831177044,-0.877313143,-1.535355268,-1.627704421,-1.40949183,-1.270912127,-1.914253845,-1.410785602
118,-0.499919106,-0.941125216,-0.116702283,-0.858644917,2.13511338,1.699116788,-0.101206962,0.951390558,-0.113695577,0.393798095,0.193674231,0.201191537,0.370478402,0.462901043,0.996801878,0.658516833,1.523367308,-0.085061002,0.729030808,0.137709301,-0.099787622,-0.434439006,0.675680956,0.504540379,1.289502185,0.316115306
119,2.482903379,2.324303634,2.810847083,2.02337428,2.080317375,0.85980586,1.628594513,1.017256309,-1.372719176,2.301848859,-1.807107613,1.367850856,2.370820998,0.46933776,1.922895895,3.497943479,1.082723754,-4.423542561,4.410281268,3.926739332,1.851238144,3.381771586,1.8209634,1.028426963,2.35169091,1.767897147
120,-0.492574833,-0.517126215,-0.434202162,-0.983300198,-1.149730088,-1.269282947,-1.026404357,-1.074560816,0.962544989,-0.447506962,-0.379507807,-0.542810045,-0.663701143,0.282199151,0.155654968,-0.226136662,0.291804309,0.288251282,-0.261611433,-0.467175575,-0.48816774,0.259630956,0.974360871,0.808820496,-0.222225406,0.402164146
121,0.386797349,0.309970017,-0.245904399,0.369762597,0.662991813,-0.226539468,0.022409271,-0.22457265,0.010766589,0.878557405,0.527980686,1.024307137,1.525032858,0.932260873,1.71770002,1.403398737,1.226928344,-1.439911929,0.740666791,0.538326442,0.937541907,0.725259091,0.094192515,-0.540838336,0.914606208,-0.059046019
122,-0.418043796,-0.490985227,-0.231654448,-0.695196367,-0.08633894,-0.033913643,-0.518315718,-0.119237218,-0.119486743,-0.707917464,-0.961601392,-0.900524953,-0.900074882,-1.058566195,-0.896858801,-1.929635728,-0.879871259,1.521544576,-0.701001148,-0.719372366,-0.811847491,-1.185053408,-0.934411764,-0.736877893,-1.579981396,-1.688738568
123,-0.432991948,-0.724863528,-0.623988945,-0.556096514,-1.138428828,0.132954132,-0.059238545,-0.131226193,0.971097774,-0.668253647,-0.903798643,-1.063450425,-1.045523271,-1.008867854,-1.674440141,-1.292143272,-0.89320603,1.706903322,-0.690432793,-0.979709745,-0.926058652,-1.101132901,-1.282470851,-0.358294476,-0.865944324,-1.602431067
124,-0.74536042,-0.268584579,0.085217832,-0.632960931,0.760850801,0.866511081,0.964028164,-0.255310144,-0.151210696,-0.896776229,-0.756911791,-0.891154503,-1.733471511,-1.345999476,-1.227901772,-0.966532029,-1.538163165,0.964880236,-0.799579059,-1.097065025,-1.357774489,-0.991945538,-1.56495737,-1.743980549,-1.334711047,-0.914136952
125,-0.451648925,-0.245615654,-0.138016327,-0.603542491,-0.221671542,1.225433308,1.287671766,-0.031438556,-0.014601343,-0.596241688,-0.867877676,-0.89409641,-1.264593074,-0.97533989,-1.180008566,-2.159665109,-1.157514571,1.08742208,-0.587848051,-0.811171738,-0.925097507,-0.654313902,-0.832799323,0.059330003,-0.134357664,-2.530114529
126,-0.329063338,-0.543024834,-0.520335759,-0.840383775,-1.062479207,-1.3880632,-0.075585519,-0.525141981,1.200060001,-0.318792492,-0.416534959,-0.268315034,-0.557304964,-0.473781759,-0.211225482,0.022254243,0.045802661,0.101189246,-0.186641494,-0.215295705,0.292643923,0.031875229,-0.846517714,1.345536466,1.481419966,1.030066694
127,-0.295076463,-0.502099092,-0.496511027,-0.749269776,-0.646846715,-0.82164794,0.535317659,1.38439821,0.570773846,-0.728680267,-0.846538756,-0.911612231,-0.818573585,-1.066801951,-1.576414185,-1.167453132,-1.255048909,1.251311517,-0.704820411,-0.948491065,-1.089507673,-1.30741435,-1.171737487,-1.652589308,-1.375477244,-0.953028062
128,0.639512259,0.836836779,1.547699635,1.472435772,-0.269270868,0.261170272,1.019985316,0.725508953,0.129330801,-1.080890758,-0.859348309,-0.738463121,-1.334400899,-1.021725794,-2.149813441,-1.957607207,-2.013546549,1.812064435,-0.643243231,-1.28940177,-1.083239731,-1.923083783,-1.292568863,-2.294831052,-1.265044529,-2.161363077
129,0.633067629,-0.315004297,0.553389328,-0.232310284,-0.017006589,0.362868921,1.292910933,-0.352010691,0.263905656,-0.07608469,0.0022058,0.124874503,-0.166582445,0.091761792,0.25251023,0.349807284,0.077038085,0.20553984,-0.461775536,-0.083936767,-0.362950413,-0.440654295,-0.103704487,-0.78105284,-0.34354611,-0.043380479
130,-0.457043574,-0.435510108,0.036997199,-1.038518748,-1.440218444,-1.513680787,-1.393668857,-1.647510948,0.285954907,-0.554592552,-0.673698241,-0.446612416,-0.442044093,-0.58973372,-1.09963554,-0.689956187,-1.18210519,0.273148836,-0.067646456,-0.251297069,-0.8439754,0.950034309,-1.283474116,-0.632238035,-1.98484402,-0.701780805
131,-0.123838681,-0.051646622,-1.040171042,0.48935119,-0.20277127,-0.541611458,-0.683188702,-2.403731847,1.002736569,0.415187294,0.549083643,0.353301046,0.391815055,0.695993098,1.127875719,0.424501352,0.901875095,-0.487257671,0.094124069,0.489533694,-0.059193077,-0.059537037,0.394816703,4.450376487,1.004911284,-0.359281556
132,-0.553128106,-0.463673199,-0.700050541,-0.916216376,0.109234901,0.33357262,0.136258204,1.01305601,-0.264604386,-0.71736782,-1.066979227,-0.796087476,-1.18090743,-1.273081856,-2.039066859,-1.956000282,-1.39072921,2.012113339,-0.716987666,-1.139793816,-1.172654504,-0.900682666,-2.106529448,-1.575993425,-1.264401039,-2.320395319
133,-0.569426079,-0.51046347,-0.611462964,-0.733545697,-1.195619772,-0.750433715,-0.674907733,0.139926412,0.910227341,-0.384639709,-0.554073988,-0.627938708,-0.451563832,-1.169336682,0.102185208,-0.011397955,-0.526877594,0.305874501,-0.253410222,-0.396915159,-0.283063227,-0.23938574,-0.977772354,0.278544628,0.186229396,-0.116605
134,-0.020837056,-0.58436026,-0.47285667,0.441915491,0.074461851,-0.468997056,-0.190048078,0.574625907,0.519402153,-0.408193547,-0.379984218,-0.024884975,-0.279813492,0.0997344,0.280299293,-0.566678279,-0.301837089,0.309329743,-0.212509659,-0.3235039,-0.210379751,-0.253557152,-0.441435146,-0.017053324,0.561298208,0.270423066
135,-0.431284895,-0.650004055,-0.625923715,1.086418262,2.126847228,1.19490988,0.811976737,0.46809899,-0.043704412,-0.115385948,-0.176363895,0.144300417,0.929161273,1.743034411,0.957281748,0.915670933,0.756499398,-1.08121481,-0.386586127,0.17300168,0.14473614,0.448334231,0.749661374,0.400660756,-0.041557893,1.521125578
136,-0.003894769,-0.034208434,-0.811817597,-0.673224463,-1.77650935,-1.427892744,-2.558731848,-2.904680361,1.162096536,-0.014407087,0.057990983,-0.522925021,0.007375287,-1.066295134,-0.673889992,-1.219438243,-1.038667195,0.385761003,0.066274979,-0.49863941,0.759162203,-0.026012622,-0.764192292,-1.602608304,-0.35632208,0.695234582
137,-0.776660225,-1.459312163,-1.264899454,-1.070352754,-0.826653818,-0.612757732,-1.247537212,-0.793436003,0.75602068,-1.000351088,-0.428754362,-0.778457037,-0.617775785,-0.771676247,0.350588704,0.34432577,-0.458551776,0.234977047,-0.667334024,-0.834426748,-1.006004732,-1.095217128,-0.573806989,-0.147166916,-1.435514568,-1.162881666
138,-0.576245334,-0.802170515,-0.503218299,-0.528913579,-0.594300596,0.079551598,0.100412004,-0.28764926,0.78325191,-0.390926945,-0.773985267,-0.943879444,-1.440690876,-1.035058682,-0.605960602,-0.653737421,-1.950041199,1.452105513,-1.037127489,-0.614854379,-1.055341469,-1.107111426,-1.959348101,-1.45328131,-1.634183755,-0.952768427
139,-0.436412753,-0.528961815,-0.515007368,-0.23986501,-0.306814655,-0.885160191,-1.70495876,-2.0303887,0.395274986,-0.68127567,-0.392195268,-0.785644789,-0.404075364,-0.450078581,-0.16602983,-1.087398478,-0.419937452,0.518685743,-0.203150869,0.583300018,1.279518278,0.861163095,0.91949814,0.947301014,0.066627677,1.746578842
140,-1.404690557,-0.973390712,-0.963837119,-0.303257876,-0.218651241,-0.977712014,0.161024547,-0.858446259,0.567914684,0.491391928,-0.097867451,-0.374841829,-0.422685811,0.456462603,0.301566227,0.085046378,-0.430379372,-0.078193104,0.466487311,0.272746568,-0.553787639,-0.065299902,0.912590258,0.789548601,0.193552038,-0.085380049
141,-0.627696009,-0.233307121,-0.0644309,-0.526777959,0.477921343,0.152544059,0.855199853,1.144173867,-0.548376059,-0.654963333,-0.758520914,-0.756220838,-1.2517691,-0.097608131,-0.360000537,-0.806708351,-0.357394924,0.544308032,-0.583043654,-0.707050283,-1.105559572,-1.463937441,-0.048518033,-0.65505423,-0.405381737,-0.751544316
142,-0.65349914,-0.744094924,-0.824121389,-0.481010556,0.249000628,0.782939033,-2.838907274,-0.863023801,0.985577905,0.245757197,1.031730238,0.564369081,0.176387198,-0.102573092,-0.557239755,-0.310944268,0.855889606,0.436152889,0.192626137,0.36568937,0.810506693,-0.042580105,1.027631308,0.1864227,-0.337819274,0.229697444
143,-0.822379599,-0.937037741,-1.041846534,-0.743526472,-1.130247505,-1.656654237,0.0784423,-0.799886378,0.872304437,-0.577531488,-0.593972515,-0.761281747,-0.991417267,-1.326455557,-0.838673204,-1.185837041,-1.304526339,0.913500743,-0.170949733,-0.091352192,-1.622026852,-1.045320263,-0.189213547,-0.944887643,-0.126377446,-0.228445907
144,0.202015779,-0.157491645,-0.690334578,-0.062533549,-0.411217272,-0.067115707,0.204615121,0.983281428,-0.612576475,-0.047739879,-0.346819272,-0.482867087,-0.627746837,-0.930634336,-0.498861432,0.627693052,-0.375117363,0.361049661,-0.106901722,-0.246563688,-0.290698482,-0.657389821,-0.86288245,-0.910379105,-0.235112753,-0.787534047
145,-0.395977148,-0.580015347,-0.516918578,-0.09851686,-0.256179938,-0.115152625,-0.490876495,1.10029219,0.153948168,-0.194998448,-0.538721746,-0.393321587,-0.688911066,-0.635841827,-0.143420343,-0.231924814,-0.2084894,0.44728943,-0.137298588,-0.569542894,-0.51895357,-0.307794757,-0.584799787,-0.720090196,-0.393312772,-0.049272944
146,2.32819948,2.176686541,3.268233546,1.755371166,1.318164865,0.374888446,1.729561597,1.700762687,-0.276660967,4.980916462,0.47681862,1.5475614,1.540364622,3.120302035,0.285147823,2.323165104,1.86340662,-0.648700338,0.000898974,1.677387902,1.556895355,0.959195584,0.528458514,0.546897937,0.260167547,1.91783642
147,-0.189694907,-0.142371935,-0.071948875,-0.31147957,0.458960521,0.297576238,-0.641760835,-0.18624408,-0.063292733,0.679341547,1.131780947,0.679619279,1.304106075,2.085672565,1.133020943,1.551252059,1.457505092,-1.278404397,0.764915871,0.304750969,0.177816171,1.239437665,1.125043324,-0.518643287,0.826511322,-0.278639571
148,3.098240657,3.409910695,2.761318018,3.066955122,1.511483146,1.054139361,1.194772188,1.082571114,-1.520846992,-0.082037685,3.565942601,1.648269652,-0.688678146,0.691815336,-0.087040886,0.939384291,2.087903943,-0.575586471,-0.627211516,2.269638781,0.075196761,0.391035395,-0.531220519,-0.224385133,0.16842015,0.111043737
149,-0.141347725,-0.422633825,-0.873122969,-0.150022146,0.587167654,1.632937488,0.731551846,0.939568129,-0.289992162,-0.647648491,0.228339548,-0.018043259,-0.289478824,0.462594795,0.317899713,0.165541808,0.087916868,-0.503357986,0.103837236,-0.485006214,0.042113324,-0.748458978,1.103363773,0.104948701,0.311217794,0.499755547
150,1.149722233,2.207217764,3.172103132,0.844005172,0.3528534,0.675293294,1.643847239,1.724856569,-1.431932122,2.053391473,-1.309142715,0.98132287,-0.694815564,-0.184919747,0.511200698,0.729507148,1.128925612,-0.417514171,-0.927736011,-0.732663923,1.074535898,-1.477255732,-0.484471027,0.787995143,1.074419644,0.933072612
151,2.984668034,3.223398956,3.025569199,3.135647063,1.524906333,0.869535096,2.49259171,0.790810915,-1.623295065,3.582535735,0.055685813,2.222421951,0.186107465,0.813549843,0.661644962,1.421944854,2.020297477,-1.065759063,0.141643622,-0.695247084,1.536773709,1.14537568,0.132406834,1.721026229,1.299609857,1.841447671
152,0.102750183,0.462591067,1.377115478,0.026611785,-1.340065372,-1.042566148,-0.533076946,1.000023523,1.264164317,-0.571137776,-0.858564694,-0.353078586,-0.883063442,-0.744602993,-0.944292624,-0.754369843,-0.448932071,1.164809542,-0.763243697,-0.421559616,-1.075733179,-0.641188056,-0.364060614,-1.297385455,-0.453264405,-0.790259168
153,-0.76213243,-0.061104839,0.005953103,0.049118929,-0.273242419,-0.200931251,-0.485879197,0.802829935,0.236308426,-0.192689862,-0.460005751,-0.757375183,-0.63434208,-1.28651207,-1.06264648,-0.498502693,-0.245071055,0.484213303,-0.465828747,-0.716326929,-0.496109577,-1.407035245,-1.224832269,-0.868140126,-0.6379257,-0.95294583
154,1.626237565,1.028355843,0.173505223,-0.451677527,-1.037606002,-0.612395375,0.602984462,1.501849531,0.977337871,-0.51398462,-0.560560807,-1.28982153,-0.702727347,-0.642612783,-1.005165643,-1.425022885,-1.114897025,0.926711631,-0.700686288,-0.572207842,-0.387849382,-1.10035965,-1.048860219,-1.137877508,-0.566116506,-1.690516556
155,0.801926407,0.201497561,0.745809106,-0.070737992,-0.582615132,-0.471168514,0.081757252,-0.634528172,-0.02326774,-0.158682453,-0.248943517,0.208624458,0.360251435,-0.076183473,0.306988818,0.351031303,0.338583959,0.03894367,-0.358225354,-0.578695661,-0.289367137,-0.513797851,0.216797055,0.137473432,0.512163831,-0.055823488
156,-0.063464624,-0.406185894,0.955388154,-0.887537244,-1.264655921,-0.091431308,-0.614132576,0.018604312,0.569112318,-0.464063909,-0.212463593,-0.852837351,-0.711748896,-0.759140742,-0.939937106,-0.876494696,0.074838454,1.249106408,-0.388184491,-0.726548666,-0.328675397,-0.73303467,-0.428337656,0.019209573,-1.113018537,-0.342325737
157,1.238098564,1.491942827,0.599064928,-0.161188477,0.07151084,-1.131310309,-0.607623154,1.918803867,-0.224147232,-0.826008015,-1.113007943,-1.006238818,-0.984884683,-0.912702018,-1.887980248,-1.12816683,-0.380120305,1.553820874,-0.749680556,-0.957905485,-1.643534751,-1.280512493,-1.676081421,-1.31058405,-1.097752423,-1.80262957
158,-0.318176055,-0.271142829,-0.394986382,-0.470144524,-0.708485164,-0.698124531,0.609996452,-0.914483517,0.835268106,-0.162386852,-0.337306167,-0.270527448,-0.691249397,-0.167991965,-0.866803633,-1.221692029,0.108196767,0.677839365,-0.358265269,-0.284623203,-0.339030641,-0.525766359,-0.933442865,-0.366380058,-0.574687085,-1.154556799
159,-0.723401579,-0.67449724,-0.650476867,-0.93775286,0.066865545,0.431688713,-0.396101809,0.577026232,0.137285654,-0.807754179,-0.850064653,-0.972407221,-1.064460684,-1.452771804,-1.329209524,-1.887473869,-1.586599408,1.518320282,-0.520996245,-1.026287714,-0.994600916,-1.310908979,-1.617485543,-2.956819712,-2.285839774,-1.216236308
160,-0.443218648,-0.69320553,-0.407407048,-0.948223809,-0.583940349,0.074516751,-0.776472129,-0.123214895,0.460966027,-0.660697634,-0.450521359,-0.669484134,-1.141218497,-0.831539836,0.461262116,-1.052077076,-1.340503278,0.773721574,-0.326453104,-0.550916017,-0.668634638,-0.982758409,-0.146631732,-0.552059657,-1.176403565,-0.423881518
161,-0.652266332,-0.34364792,-0.401821142,-0.845252233,-0.419397425,-0.441382943,-0.695369972,-0.095862594,0.419444565,-0.053620793,-0.283275576,-0.012690063,0.015980354,0.151050616,-0.019289007,-0.424550917,0.036263596,0.517548734,-0.133916038,-0.339246475,-0.201530419,-0.290237814,-0.381151175,0.165173363,-0.162309026,0.022580033
162,-0.455773079,-0.341047601,0.481576188,-0.125197714,0.003606746,-0.013039288,0.298582901,-0.486144227,-0.136366755,-0.441603498,-0.42912033,0.048942894,-0.357383183,-0.179131113,-0.722554144,-0.374258773,-0.075002277,0.203543406,-0.404399542,-0.516331518,-0.336813822,-0.47578508,-0.873180607,-0.129639089,-0.043360289,-0.516608414
163,-0.529479053,-0.778682404,-0.791962056,-0.686472962,-1.026807579,-1.041262038,-0.913532459,0.064413668,1.386047206,-0.133507017,-0.264657882,-0.396198953,-0.267864315,0.443405456,1.004360733,0.48965663,0.275283946,-0.200185593,-0.538360773,0.168047093,-0.027821047,0.385444228,1.502645838,1.326319233,0.271958442,-0.360650185
164,-0.668227829,-0.736075389,-0.683354096,-1.019389516,-1.184704946,-1.35193736,-1.417790106,-1.693457288,1.395588094,-0.599831226,-0.786709222,-0.486516483,-0.631912979,-0.302434961,-0.319758505,-0.19499736,0.293011851,0.510934329,-0.395080218,-0.261241697,-1.080939713,-0.72463148,0.12601929,0.083293793,-0.009189339,-0.181508997
165,1.240292396,1.508053402,1.241968257,0.30642686,-0.082318301,-0.130938933,0.478216462,0.319787901,-0.908831639,-0.671868416,-0.505296813,-1.013631328,-0.978770039,-1.010415059,-1.357175185,-0.684982185,-1.04175859,0.805673372,-0.816478972,-1.227128007,-0.256367874,-1.181020215,-1.333841491,-0.763130264,-2.458967493,-1.658473151
166,-1.068332386,0.068344225,0.077849184,-1.294868222,-0.985845207,-1.651438575,-2.266881206,-1.105274881,1.786210934,-0.210037294,-0.005121881,-0.50273173,-0.59493995,-0.641048288,-0.823084547,-0.840866275,-0.255522576,0.35468554,-0.521466733,0.051940124,-0.034726611,0.764440603,-0.336621081,-0.91608597,0.112493589,-0.307686349
167,2.665984502,2.602044558,2.93463282,2.365947195,0.81941948,1.742823041,1.893305836,1.905961162,-2.459816352,0.730981025,0.780855209,-0.171557113,-0.936097118,-0.100410538,0.622223312,0.958532904,1.64460271,-1.284766236,-0.325480151,-1.166942142,1.421952368,2.118966807,0.395379394,0.813789652,1.378215869,2.720571868
168,-0.204663076,-0.70984962,0.022954941,0.829255862,2.471129374,0.958909291,1.25649322,0.632150506,-1.474894281,0.445414762,0.26901154,0.220242563,0.733760481,1.491127605,1.290185132,0.953654094,1.271748127,-1.165252588,0.111534419,0.3970932,0.268340308,0.288339703,-0.634148093,1.863394437,0.594894529,0.130143425
169,-0.670203657,-0.747576377,-1.040623318,-0.880764362,0.274759954,-0.153110905,-1.323785278,1.465714767,0.589786607,0.417496511,0.137932577,0.492182836,-0.057341002,0.328262965,0.499590962,0.912692196,0.601633959,-0.087026194,-0.208668802,-0.006254877,0.011505687,-0.926692659,-0.01069078,-1.67491902,-0.720736818,-1.210076908
170,0.10996168,0.916785679,-0.10993375,-0.265530536,-0.669245099,-1.32753068,-2.150678798,-2.234042014,1.880574381,-0.347284206,-0.650781944,-0.448452502,-0.695579512,-1.094066528,-0.806520332,-1.151605998,-1.225836866,1.27806072,0.164849296,-0.841382457,0.060710674,0.80059213,-0.284143791,-1.924484335,0.396823172,0.211211571
171,-1.14004988,-1.461344955,-1.46245497,-0.592397642,-1.245761101,-0.690910053,-0.609907721,-0.669167984,0.463521023,-0.545844526,-0.214688085,-0.212190309,-0.389651652,0.29245267,-0.091031299,-0.246741982,-0.52982727,0.338334571,-1.325388933,-0.366463135,-0.489805207,-0.618482761,-0.692000951,-0.712448334,0.161361015,-1.228093747
172,-0.059258917,-0.214078713,0.464831945,-0.636866176,-0.354129335,-0.21899327,1.223173663,0.573625692,-0.498261391,-0.677184045,-0.620917294,-0.497770615,-1.28059082,-1.118753224,-1.296287744,-1.222699598,-1.495318826,2.15589566,-0.758625241,-0.913235118,-0.943356327,-0.739723584,-1.223127701,-1.814091223,-2.124920705,-1.510033143
173,-0.413051351,-0.115939963,-0.462135161,-1.582370277,-1.768633246,-1.998733226,-1.514718916,-1.109080678,1.735054713,0.039877429,0.140096323,-0.234059815,-1.256186476,-0.921708718,0.173685517,0.11165447,-0.799407637,0.299691266,0.002002182,-0.196239318,1.13656643,0.457906732,0.006057453,1.134078642,1.417257724,3.07807135
174,-0.342554478,0.242519753,-0.294666039,-0.977571714,-0.613484608,0.238441923,-0.735528458,-1.624755895,1.130870905,-0.445508486,-0.112602545,0.313154004,0.227545545,0.464162884,0.908793935,0.245729332,0.706907411,-0.612496693,-0.382083561,-0.208472106,-0.17429232,-0.229837736,0.47236088,1.117043119,-0.786809269,-0.354889296
175,-0.997104743,-0.479328231,-0.427786597,-0.798591506,-1.297250542,-1.163307555,-1.114162563,-1.796847727,1.200815728,-0.493252519,-0.324104132,-0.311808002,-0.722713751,-0.275234589,0.083861051,-0.223164278,-0.114519375,-0.002339331,-0.762710409,-0.29037926,-0.059417626,1.001458333,0.572233766,1.064959463,0.319823988,1.115303532
176,-0.093901923,-0.350455785,-0.693527675,-0.813977384,-1.26131281,-1.122435076,-1.355579588,-2.256548064,0.634032649,-0.716354796,-0.509927053,-0.896282445,-0.44459875,-0.596717902,-0.999785776,-0.610140784,-1.41960518,1.222877643,0.099137825,-1.118675928,0.166226434,-0.290122009,-0.371781553,1.217983701,-0.134864328,-2.14694499
177,0.38901002,0.335207122,0.387551692,0.147352767,-0.469108996,0.163481449,0.330710774,1.628401131,0.322331073,-0.291107274,-0.631956809,-0.159881052,-0.156895091,-0.509091368,-0.471566606,0.445289205,0.508300145,0.167434251,-0.597510018,-0.405801339,-0.525137933,-0.586084964,-0.51886714,-0.525652591,0.271072101,-0.367718045
178,-0.662255028,-0.511246496,-0.480044197,-1.140163705,-0.209382993,-1.600418539,-1.71827455,-1.10746127,1.016755139,-0.546888067,-0.744475928,-0.274544459,-1.040358261,-0.510029152,-1.579654633,-0.774306263,-1.278899482,0.902109841,-0.6339942,-0.129259403,-0.144066465,-0.460866505,-0.81769119,-0.040737341,-0.703937821,-1.569902876
179,0.054305472,-0.218307952,-0.109000496,-0.071206359,0.771628575,0.91180927,0.671357635,-0.633166021,-1.383671083,0.097775231,-0.256571886,0.297508694,0.554813052,0.902880761,0.438371369,0.973120207,0.802005363,-1.031800855,0.14342714,0.066653601,0.351715565,0.085889598,-0.660385829,-1.716902098,0.053988603,-0.315245271
180,-0.428092784,0.833327247,-0.664968824,-0.718835863,-1.542256702,-0.799860927,-0.235093469,-1.56657759,0.320107778,0.01850366,-0.443106558,-0.940301463,0.167999815,-1.362653949,-0.001265469,-0.046356575,-0.683591339,0.587767306,-0.1805981,0.033591066,0.031275241,0.667669512,1.25052325,-0.049665343,-0.048832084,2.783449486
181,-0.588109848,-0.119039917,-0.413445991,-0.696909373,0.013031575,-0.097577208,-0.182098337,0.420618959,0.004339127,-0.723226689,-0.870503472,-0.809558512,-0.943948057,-0.976791954,-0.802609063,-0.740382582,-1.677153813,0.725893751,-0.626445685,-1.00447367,-1.343211758,-1.285419836,-0.870896664,-0.609629429,-0.32898361,-1.628860577
182,-0.768870164,-0.924349201,-0.898792172,0.109325648,-0.867301485,-1.824115822,-1.66895771,0.250072942,0.178164047,0.565536066,-0.33312053,0.281196929,0.127889888,0.900346663,0.441141155,0.949075269,0.978145416,-0.218851105,0.100357998,-0.00282992,0.363255114,-0.263329086,1.416632873,-1.636129503,-0.26988035,-0.378933607
183,1.402907724,2.11952323,1.441183131,1.097685628,1.333621806,0.366343234,1.71955554,2.063507788,-1.657484937,0.519125293,3.907348645,1.286287875,0.575621852,-0.17900153,0.78749895,0.293027457,0.996481574,0.606597562,1.078268405,2.133004453,0.587886115,0.289840912,-0.939075746,-0.334079658,1.336760778,0.448097881
184,-0.001000442,0.719345946,0.113594606,0.393275021,-0.186818741,-0.115528413,0.039616891,0.412267434,-0.4196533,-0.148123735,-0.278715117,-0.239630539,-0.186721768,-0.686625224,-0.385637064,-0.106595662,-0.271968602,0.393521843,-0.09901191,-0.369553203,-0.20659964,-0.243240893,-0.847642885,-0.65001434,-0.500080536,-0.416942373
185,-0.753966926,-0.107161651,-0.416057744,-0.618899297,-0.729727182,-0.544660671,-0.407518938,-0.735107755,0.82501327,-0.636197774,-0.708933549,-0.785081545,-0.829176994,-0.387761853,-0.432400497,-0.177461384,-1.308247183,0.84027119,-0.632858952,-0.758533476,-0.443178902,-0.362800899,-0.333128861,0.079792152,-0.860433125,-0.441674687
186,-0.800392468,-1.006671396,-0.819698263,-0.777114022,-0.704438481,-0.054747898,0.891442717,0.996715722,0.361950377,-0.472847899,-0.926741774,-1.130062311,-0.767773805,-0.687428429,-0.555331108,-1.109370998,-0.947656801,0.617729955,-0.794345626,-0.50398702,-0.735279587,-0.70756668,-0.621934138,-0.381075,-0.722939546,-0.408483088
187,-0.326040163,-0.272830885,-0.742877875,-0.816264986,-0.750544753,-0.354048307,-0.132525454,-0.585180263,0.585719039,-0.306578412,-0.670664167,-0.942634197,-0.921464829,-1.195326791,-0.384475558,-0.822235153,-0.52674408,0.767972915,-0.581362414,-0.405959304,-1.073188173,-0.586602893,-0.723710641,-0.64266472,0.089887967,0.763032346
188,-0.5950772,-0.51610048,-0.590072544,-0.373948588,-0.612524605,-0.751512347,-0.059032222,-0.814730936,0.387150357,-0.754897527,-0.928022274,-1.000203763,-0.894776499,-1.043821237,-1.162065475,-1.04794644,-1.058125908,0.828180781,-0.624730633,-1.146550247,-0.782983937,-0.66115477,-0.644181596,-0.317826563,-1.224467968,-0.65878013
189,0.498471699,0.103709624,0.594459213,0.313943408,-0.28368273,-0.262159207,-0.744714241,0.425356554,0.503258682,-0.305361892,-0.941445531,-0.136743472,-0.570379704,-1.15739569,-1.045137305,-1.824541941,-1.829081302,1.125739985,-0.342444241,-0.531935238,-0.560002735,-0.932049021,-1.236525257,-2.414169619,-2.259288885,-1.543879015
190,1.17304745,-1.017367105,-0.674116898,-0.020596773,-0.309115035,-0.826633569,-0.207809463,0.086959091,0.01864379,-0.452543136,-0.739910051,-0.873813192,-0.83272628,-1.479590042,-0.764554239,-0.696176036,-1.280689661,0.761716842,-0.770135962,-0.961274024,-0.957922777,-1.639795195,-1.546343523,-2.13779211,-1.779483463,-2.239759285
191,0.424288111,1.233602291,1.286777483,0.613701559,-1.158112471,-1.317433062,0.933018457,0.144703098,-0.368178339,-0.662283735,-0.897830124,-0.969891393,-0.945311775,-1.132868992,-0.907950003,-0.59068408,-1.095456089,1.141733954,-0.621090963,-1.213609957,-0.569832187,-0.690040604,-0.403597039,-0.367273486,-0.253497853,0.141461404
192,-1.115212329,-1.120692519,-0.888412442,-0.775890329,-1.295747052,-1.211144328,-0.707911263,-0.819530844,1.312320002,-0.87348286,-0.898366364,-0.665488346,-0.474936773,-0.34988376,-1.958838292,-0.684055776,-0.737831989,0.024525424,-0.633416713,-0.066347833,-0.322238323,-0.661472369,-0.389538678,-0.686288372,-1.693009566,-0.764303471
193,-0.410535367,-0.339203873,-0.195515136,-0.298237357,0.341494224,-0.350438151,-0.047359754,0.609475227,-0.484034701,-0.789483526,-0.49150859,-0.213876957,-0.246972892,-0.088200925,-0.128592077,0.28687102,0.284958982,-0.344098387,-0.116797487,0.059898176,-0.103465636,-0.306424301,-0.363108947,-1.146931786,-0.194793787,-0.431817609
194,-0.109888631,-0.393067913,0.229722102,-0.286168158,-0.455895501,-0.986558991,-1.725351707,-0.382348668,0.270868487,-0.346193339,-0.562231324,-0.982155449,-0.941916273,-1.445627117,-1.413406746,-1.863601783,-1.32103775,0.775256496,-0.754601713,-0.507597638,-0.698938419,-1.424481652,-2.173515303,-1.513527229,-1.620062771,-2.055669554
195,0.564481864,0.159986915,-0.351306111,-0.840555632,-1.185196534,-0.924756108,-1.635607347,-1.542885411,1.603524202,-0.388475611,-0.301157769,-0.766123846,-0.430651102,-0.865652282,-1.199163122,-1.335066311,-0.664943043,0.854534369,-0.466123246,0.112824111,0.880143867,-0.119293369,-1.098253764,-1.449042012,1.215352025,0.048938846
196,-0.660630344,-0.377459125,-0.422189021,-1.102796047,-0.884968244,-1.177107221,-1.021822735,-1.219415306,0.988393159,-0.529966548,-0.639256916,-0.530853043,-1.066267047,-0.529878679,-0.520527051,-0.456829145,-0.821592714,0.471043677,-0.567789559,-0.454265181,-0.827828274,-0.673446362,-0.432145397,-0.163091128,-0.692566448,0.679990662
197,-1.125558429,-0.287089474,-0.443192445,-0.943759933,-0.566075297,-0.893362025,-1.436301592,-1.059755213,0.987711523,-0.337898629,-0.060679022,-0.808888399,-0.484941355,-0.045985923,0.437710683,-0.363065131,-0.397961717,0.410119867,-1.171633308,-0.243378745,-0.75645841,-0.794963588,-1.116533388,-0.288186677,-1.198834884,-0.39911692
198,-0.996811986,-0.433286655,-0.326004249,-0.670073857,-0.615441702,0.039645512,-1.445254275,0.097966511,0.472928918,-0.587568377,-0.731457233,-0.630800145,-0.896019217,-0.552217321,-1.799015192,-1.135321709,-0.745595402,1.446953149,-0.951058916,-0.820294078,-1.06052229,-1.569486997,-1.602676097,-0.46755809,-0.245946342,-1.090223048
199,-0.704084217,-0.376879058,-1.03215591,-0.03949164,0.607599328,-0.073657302,0.183275468,0.90314037,-1.254952068,-0.090828041,-0.166925189,-0.551572616,0.283307048,0.569104432,-0.060369957,0.474900887,0.79948622,-1.013115641,-0.195642628,-0.245945871,0.186300491,0.673820194,-1.300179236,2.138097157,-0.249722817,0.139391676
200,-0.554200293,0.002627622,-0.508369486,-0.175107843,-0.007835379,-0.425608095,-0.197486601,-0.821377282,0.247321824,-0.46596527,-0.004678511,-0.24817666,-0.623428067,-0.166727454,-0.177580303,0.526069315,-0.419380861,-0.087969737,-0.16243883,-0.577082399,-0.152489986,-0.270810572,-0.696442931,-0.321192201,0.071572981,-0.064910033
201,-0.889443333,-1.373563523,-0.572673011,-0.766421491,-0.588600696,-0.637833447,-0.248285692,-0.217148589,0.505864912,-0.680366709,-0.233997058,-0.637952529,-0.428982658,-0.303659109,-0.067966196,-0.295876914,-0.439865935,0.580112169,0.273397893,-0.211936349,-0.516894857,0.160959428,0.9841916,0.671336811,-0.256628644,1.090594205
202,-0.7723256,-0.591150759,-0.028746951,-0.332648008,0.010337602,-0.220722789,0.116946966,-0.055544319,0.259256775,-0.596467671,-0.527732611,-0.600251142,-0.570852738,-1.327212094,-0.583680393,-0.673607225,-0.130465042,0.358038178,-0.679047511,-0.472629514,-1.120220723,-0.304943808,-0.866212393,-1.025940949,-0.488138731,-0.695360392
203,-0.491102116,0.499014278,-0.953954625,-1.096742966,-1.490114849,-2.655277282,-1.974126557,-2.677517452,1.86240545,-0.308875691,-0.445493012,-1.118378118,-1.38238086,-1.484759241,-0.590349676,-1.375181344,-1.382124848,0.937937016,-0.168784577,0.545105472,0.598346116,0.291572606,0.078542045,0.293071603,-0.488902816,2.033918825
204,0.307470063,0.340683404,0.367607458,0.659713793,0.416981574,-0.052055295,1.356265162,0.916545739,-1.243833759,-0.047256462,-0.266532482,0.017165435,0.227163526,-0.390965343,-0.999859842,-0.084148296,0.166543605,0.786712257,-0.17005236,-0.301442833,-0.03265747,-0.458221056,-0.342938213,0.029406866,0.478352047,-0.368438035
205,-0.984896483,-0.469289968,-0.277357807,-0.359183947,-0.220599315,1.682531548,0.980392879,1.891189827,-0.563268012,0.431765185,0.406237249,0.299758832,1.153152221,0.897347114,0.946154218,0.433702785,0.947536832,-1.294805322,0.7395371,0.135758076,0.396912742,0.470149755,1.56291533,0.613037208,-0.02420909,0.380553609
206,1.341400001,1.179423688,1.144411268,-0.593639906,-0.208422725,0.040036259,-0.949779001,-0.45459536,0.294180651,-0.604474431,-0.92649701,-0.564301019,-1.021199492,-1.285435727,-1.553736126,-0.838153818,-1.643013246,0.55708197,-0.672612864,-0.934211972,-0.890851401,-0.691576558,-0.983767298,-1.66991808,-1.670501272,-1.740330741
207,-0.508173822,-0.393038763,-0.392605882,-0.435698827,0.084157313,0.177813458,0.842281772,0.098487263,-0.284537268,-1.594028662,0.296284682,-0.222713863,-0.400640063,0.125065051,0.559419311,0.175999141,-0.283910049,0.068013705,-0.333280886,-0.008763295,0.4836694,-0.70464009,0.609629009,-1.235313456,0.079613205,-0.5791975
208,-0.052142254,0.759337293,-0.024470472,-0.15279106,0.069442197,-0.265609306,0.054015425,-0.041790856,0.421557235,-0.353784485,-0.34970471,-0.116193964,-0.074754208,-0.024981363,0.215827636,0.22482392,-0.137642765,-0.43360571,-0.514693704,-0.426157952,-0.632085414,-0.379666585,-0.98408343,-0.265863947,0.005843802,-0.310023049
209,-0.526620304,0.161953441,-0.503413101,0.04838702,-1.034875648,-1.566474306,-0.271575232,-1.171971035,0.791674187,-0.381887249,-0.659749788,-0.56298092,-0.385261731,-1.04630107,-0.805788352,-1.075226887,-1.3245392,0.321433718,-0.334536981,-0.79111844,-0.566228249,0.385062002,-0.320757952,-1.310805036,-2.235547358,0.382029891
210,0.186341881,-0.23056353,0.555330811,-0.90766147,-0.670042651,-1.304693786,-0.888427271,-0.755689884,1.189126802,-0.642084887,-0.421944075,-0.832220112,-0.192158154,-1.285613159,-0.760846372,-0.426584724,-1.214206616,1.589770494,-0.36336221,-1.04468051,-0.66455229,-0.83950631,-0.041683183,-1.255523259,-0.219692849,-0.917289924
211,1.721087125,0.830205112,1.772101386,1.415231956,-1.015128209,0.190497271,1.408030481,0.974821597,-0.747442868,4.668224941,2.884820207,1.273887463,-0.241108452,1.742888053,-0.025102151,1.812189606,0.634476058,-1.307006642,1.420163559,3.283842399,-0.436434301,1.430695327,1.431451909,0.699889018,0.248094464,1.8600978
212,-0.115770421,-0.723817566,-0.617483166,1.341113476,1.297035414,0.594247058,0.167848589,-0.178374791,-0.626126869,-0.431779914,-0.030005915,0.255178484,-0.13622277,0.581373797,1.182356742,0.075295463,-0.012715817,0.223713597,0.11919464,-0.824925735,-0.174996554,0.5011957,0.249153914,1.711711813,-0.532686517,-0.245403911
213,-0.289343333,0.368369139,0.362682523,0.294162425,0.313096358,0.618366108,0.545601529,0.049355654,-0.20762523,-0.092691844,-0.155245432,-0.035435941,-0.42288795,0.01963078,0.505036793,0.46500975,0.728200618,0.050050473,-0.379726599,-0.306619393,-0.401109467,-0.268312382,-0.447894401,-0.823297853,-0.149628174,-0.386489071
214,-0.278453134,-0.148212109,-0.069670017,-0.893111242,-0.311605693,-0.973535604,0.250115353,0.574921344,-0.163503024,-0.797207254,-0.659578776,-1.261283354,-0.44500684,-1.50062828,-0.923207026,-0.988254816,-2.683569041,0.939102363,-0.837972741,-0.631110857,-1.303441142,-1.12684999,-1.104999986,-1.996375713,-1.281648476,-1.953173708
215,-0.526467475,-0.467516971,-1.052183167,-1.143972284,-1.069687024,-0.795485586,-0.532660469,-1.291088327,1.239132863,-0.27978841,-0.59554904,-1.049330438,-0.689180885,-0.295016991,-0.702646392,-1.227039527,-0.89536952,0.812857269,-0.428279526,-0.131878159,0.003292398,-0.475858172,-0.992327138,1.267016119,0.172641838,0.43122458
216,-0.00351751,-0.699656506,-0.492057695,0.418752024,0.342723248,1.369241988,-0.374626551,1.426390156,-0.410891582,-0.162254083,0.649862882,-0.298329528,-0.219904225,0.15422634,0.63113195,0.338427452,0.35256781,-0.371568442,-0.270503322,0.340890441,-0.147588388,0.98519804,1.826637953,-1.921865474,0.01477436,0.593748549
217,-0.750314709,-1.3487659,-0.125459102,-1.235138715,-1.619824371,-1.485574927,-1.697695445,-1.092449005,1.882574565,-0.565632059,-0.527826287,-0.811881193,-0.62318081,-1.96453714,-1.913034849,-1.186283656,-1.222991085,0.566829747,-0.602551012,-0.442763293,-0.83355454,-1.367231355,-1.813603706,0.0711129,-1.219092564,-2.875551213
218,1.812734877,2.260560263,1.300150132,1.31401878,0.820401834,-0.361950205,0.351514005,1.589300519,-1.075452005,0.308414437,-0.639552406,2.672054345,0.482150497,0.619510959,1.459121635,0.835834908,2.01706584,-0.525365788,-2.470492697,2.099098354,1.620578603,-0.960318398,0.256225074,0.131823533,-1.180889348,0.069367992
219,-0.616703626,-0.4665891,-0.572820095,0.387041653,0.247597424,0.47051502,0.472009686,0.016887925,0.137017864,0.497279504,0.346687181,0.521331363,1.150493371,0.865099751,0.239415842,0.449782864,0.653947796,-0.998042385,0.087466309,-0.098086892,0.063845593,0.414007357,0.870397331,-0.655389235,-0.929777594,-0.584885262
220,-0.665898141,-1.124276406,-0.052649029,0.254868742,-0.534810482,-0.600331337,-0.104257094,0.373195892,-0.248402167,-0.222341153,-0.539920479,-0.575009758,-0.528179577,-0.876357161,-0.604089712,-0.366851074,-0.887098315,0.805832728,-0.298332414,-0.721832157,-0.867454839,-1.052543607,-0.550649579,-1.081161899,-0.713135697,-0.193404172
221,-0.505609904,-0.409789743,-0.974603441,-0.634074544,-0.074803296,-0.326814006,0.463267754,1.286113606,0.196340172,-0.873201691,-0.963082573,-1.263761561,-1.109992216,-1.09390188,-0.172840612,-3.011561291,-1.783645745,1.073393314,-0.725763015,-0.871803442,-1.142946654,-1.512357167,-2.099396388,-0.730555156,-1.083921459,-1.30489379
222,-0.665338992,-0.842635524,-0.455532896,-0.901338475,-1.291144144,-0.85974918,-1.189313036,-0.748934608,1.063795355,-0.514745687,-0.305355485,-0.592183601,-0.718459471,-0.413623602,-0.181249395,0.106372815,-1.058167526,-0.164139976,-0.510409893,0.150763132,-0.670276969,-0.425592564,-0.331786158,0.707793108,-0.619813223,-0.667712557
223,-0.572805976,-0.755366746,-0.930282679,-0.814846377,-0.505450709,-0.496772228,0.120408827,-0.626499976,0.174866673,-0.506769966,-0.224299714,-0.648150135,-0.304156557,-0.895069929,-0.578408956,-0.410319372,-0.130483895,0.715163138,-0.276881819,-0.228564237,-0.456989766,-0.318440884,-0.560582244,-0.888392083,-0.401195269,-0.141799803
224,0.555520017,1.746408492,1.200861095,0.181197431,-0.048870013,-0.012557194,0.041663303,1.352004412,0.063282643,-0.727097519,-0.724245688,-1.173824866,-1.355297425,-1.498705297,-2.289727306,-1.236606081,-1.820489018,1.675765675,-0.821085148,-1.294846336,-1.554646281,-0.974149023,-1.797269723,-2.675239344,-2.058494299,-1.198204221
225,-0.576088455,-1.008232738,-0.472149993,-0.314627247,0.722173916,2.190422811,0.689028949,0.459055323,0.416322566,-0.031725951,0.49366128,0.270423972,0.866268514,1.378145434,2.100140119,0.932714058,0.442172121,-0.596924112,0.156418958,-0.120833154,0.782009995,0.488555608,-0.017199498,-1.096814697,0.280210452,0.433616733
226,-0.609285986,-0.524995984,-0.176757326,-0.494220378,-0.633213339,-0.521272128,-0.750449264,-0.334454739,0.472785141,-0.80524691,-1.013362097,-0.91675992,-1.059975675,-1.425508016,-0.994558231,-1.321789583,-1.698491895,0.805084906,-0.687952927,-0.717409025,-1.055767978,-1.086868834,-1.244194369,-1.531140933,-1.969885234,-0.46108593
227,-0.740987474,-0.927452884,-0.801044611,-1.0185917,-0.094485254,-0.601158697,-1.109099466,-2.433954764,0.791758238,-0.322788809,-0.327497736,-0.767284584,-0.836021109,-0.436588106,-0.721606939,-0.289554048,-0.746782474,1.1666926,-0.166622238,-0.56962444,-0.557112328,-0.848691319,-1.013446076,-2.2709257,-0.450192779,-1.93755554
228,3.05139515,3.533749258,3.007499103,2.044769553,1.415012354,1.943617493,2.511208439,2.335966095,-2.652108585,-0.759674289,0.483143914,4.789829972,3.127089892,3.098271271,0.837386747,2.677151073,1.490136806,-1.344648608,0.251999116,3.670092446,0.069300377,0.171520693,0.412516341,0.818083524,1.399400125,1.442562228
229,-1.244792029,-1.476599342,-0.874877612,-1.042751121,-1.474806835,0.194612641,-1.838316156,-0.907778452,0.635579777,0.275311694,0.460826661,0.500598608,0.041955459,0.677715232,1.191793004,0.70441343,1.123835141,-0.833030391,0.667345207,0.891780007,0.391081274,0.716398179,0.239251144,0.304504563,1.310284777,-0.096945356
230,-0.637985564,-0.61729245,-0.890576057,-0.976624841,-0.756624144,-0.448390266,-1.32136238,-1.259467333,1.04017548,-0.443666476,-0.280924223,-0.900266753,-0.607992263,-0.739702204,0.07985631,-0.51225847,-0.188471705,0.548594125,-0.663903859,-0.485429988,-0.158479893,-0.330651601,0.622612442,-0.046263595,0.067287912,-0.058555116
231,-0.693780875,-0.461933731,-0.466768989,-0.760991326,-0.71963928,-0.526442909,-0.410687275,-0.113053173,0.864912323,-0.698697107,-0.906011975,-0.656848976,-0.785317731,-0.545750066,-0.083146016,-0.513841794,-0.620443826,0.848518508,-0.705852865,-0.75778281,-1.143698182,-0.227815364,-0.129512767,-0.061435281,-0.225868132,-0.960163902
232,-0.72887051,-0.724127454,-0.742974986,-1.014591188,-1.315143153,-0.924140697,-1.041538824,-1.343930215,0.957553871,-0.465289956,-0.453076038,-0.577705972,-1.021871102,-0.849173344,-0.380578388,-0.055343968,-0.599512339,0.631285138,-0.514664117,-0.430258619,-0.957361306,-0.425103648,0.583381493,-0.047481738,-1.637185661,0.133121357
233,0.846559704,1.095303894,0.906791245,-0.324135941,-2.055948109,-1.040055678,0.370140436,0.372243878,-1.724239477,8.724032318,9.288508782,4.270006864,2.72792127,2.997453502,1.539720129,2.567686873,0.670145043,-2.951424227,8.518808673,7.632891986,9.421378531,5.022330363,3.515642419,1.138949973,0.533029163,0.510832206
234,0.162061442,0.204100642,-0.362104164,-1.131111499,-1.093812394,-1.470743757,-1.33470953,-0.612186644,1.82969853,-0.665022876,-0.673801813,-0.412618544,-0.667806059,-0.588089603,-1.697663709,-1.463599226,-0.078193474,1.72870351,-0.526854835,0.03788716,-0.798538944,-0.19192364,-0.104174468,-0.095567725,-0.771727237,0.046894507
235,-0.709634045,-0.664993584,-0.736248494,-0.824040909,-1.694225812,-1.76314617,-1.97465033,-1.081391352,1.228439306,0.027089876,-0.063238165,-0.460378812,-0.945743116,-0.888074203,-0.373751625,-1.443024434,-0.45987613,0.583402188,-1.178903837,-0.331152173,-0.473038399,-0.574435884,-1.029444723,-2.039071686,-1.607626218,-1.51218901
236,-0.099157907,0.194969307,-0.012120862,-0.005149428,-0.205405079,-0.138561022,1.14110422,1.73542762,-0.66228074,-0.32581186,-0.241411971,-0.416376032,-0.597210731,-0.570441964,-0.829974684,-0.475039999,-0.837383346,0.506669324,-0.396702335,-0.176172762,-0.422269697,-0.85410572,-1.829238307,-0.813364815,-0.789493194,-0.183493371
237,-0.683172725,-0.158620344,-0.072841399,-0.938846637,-0.664836966,-1.135829082,-0.319208633,-0.294603931,-0.236734109,-0.733462096,-0.704326889,-1.060776771,-1.013302835,-0.938059845,-1.064498458,-1.268219516,-1.099648325,0.688446711,-0.652369093,-0.939936668,-0.907349775,-1.055732363,-2.02097137,-1.909275085,-1.640848471,-2.735674157
238,0.662334394,-0.159947046,0.743378338,-0.049169704,-0.560777406,-0.831754616,1.043473794,-0.507130566,-0.49165106,-0.593815362,-0.806698906,-0.507057779,-0.299219645,-0.889208276,-1.08648279,-1.764033145,-0.241664973,0.756847973,-0.357420151,-1.018798678,-1.089352868,-0.85639714,-1.624290871,-1.251941336,-1.056183986,-0.238023828
239,-0.522350643,-1.128097778,-1.212289733,0.550018898,-0.197950696,0.488165814,-0.236589826,-2.015521659,0.11341625,0.863099941,0.807030166,0.710222509,0.120178942,0.427354578,0.690218633,1.170338671,0.808162295,-0.71715507,0.728489182,0.254702903,0.580379105,-0.0384445,1.123811501,0.321476197,0.14753617,1.463997878
240,-1.087788846,-0.630099907,-1.488275283,0.807568346,0.686635832,0.451737214,0.153066708,-0.458346055,-0.270952124,-0.175880916,0.593332438,-0.189728391,0.481615512,0.917521759,0.573964345,0.428845056,0.775956152,-0.061188326,-0.271639199,0.129475289,0.35865014,-0.338076011,0.370377844,-0.207786479,-0.587039447,0.167217823
241,-0.173416192,-0.099267372,-0.270122774,0.158346378,0.919779405,1.221941507,1.874404235,0.399553404,-0.005883574,0.377472742,0.464893879,0.366243015,0.894822232,0.606861473,0.379580355,1.177675268,0.750621016,-0.740115236,-0.264045853,0.299146405,0.150496472,0.67641865,0.327081123,0.214746024,0.291412911,1.004826514
242,-0.215021649,-0.457609256,0.181235687,-0.521813276,-1.023459212,-0.898181664,1.015062621,-0.318195967,0.970575332,-0.563635389,-0.968776052,-0.670700294,-0.847174247,-1.200609573,-1.127430127,-1.041347476,-1.503167447,1.351710854,-0.334698649,-0.671258845,-0.952247991,-1.271486033,-1.560242525,-0.584655772,-1.899170268,-0.295179697
243,0.17938203,0.205878589,-0.130412034,-0.512468243,-0.320976841,0.587710793,1.056658271,0.559024454,-0.284181823,-0.327254843,-0.69319149,-0.266028235,-0.318035795,-0.953837688,-0.992519345,-0.95733826,-0.224290347,0.556613269,-0.205085346,-0.439451616,-0.61539442,-1.184039815,-0.568673078,-1.219298809,-0.757301156,-0.56330825
244,0.183894405,-0.404188841,-0.43441384,1.315967389,1.068021146,1.376792652,1.0727021,0.714081776,-0.771394531,-0.231421727,0.223683613,-0.408860984,0.48209597,0.629378338,0.622273895,0.145938782,0.491207355,-0.037749375,-0.213260827,-0.337416973,0.258399238,0.223694342,0.269943767,-1.119953126,-0.927014676,-0.044385345
245,-0.48667248,-0.768919922,-0.786629349,-1.136901257,-1.431093609,-1.631649488,-0.885580953,-0.780915308,1.232226046,-0.710208032,-0.965797403,-0.747360544,-1.104289483,-1.810582216,-1.097994497,-1.804663165,-1.72855183,1.349609056,-0.773695014,-1.033442051,-1.057493369,-1.239583527,-1.832956024,-0.993823506,-2.718971605,-3.067995925
246,-0.792661536,-0.631044722,-0.050974355,-0.863914564,-1.221237958,-0.007613952,0.080745746,-0.835476232,-0.159238367,-0.476248798,-0.690203984,-0.672388789,-0.749930816,-0.723177166,-0.782966531,-0.724473461,-1.35657045,0.510252804,-0.539504631,-0.711876236,-1.236022604,-0.33005063,-0.798979952,-1.269765641,-1.87072004,-1.675406266
247,-0.452325138,-0.494676502,-0.078040844,-1.265818158,-1.859458382,-1.104426548,-3.417361497,-2.046762669,2.821087764,-0.701783482,-0.496087482,-0.458443641,-1.004781091,-0.370322321,-0.877679458,-0.54316335,-0.575007317,1.080115271,-0.047625451,0.612462006,-0.044091246,0.99406928,0.309399639,1.014170949,1.917355451,1.880242568
248,2.484841737,3.553342665,3.305376606,1.611979843,1.969891266,1.316674093,-0.086121791,0.886367376,-1.304479596,3.599249886,0.674849129,3.201628665,1.507324649,1.656416257,2.476842464,1.804654645,1.863558088,-3.424806896,2.293914038,0.75784857,4.263280322,3.320094256,2.345694706,-0.037588843,1.842640058,1.236731307
249,0.89449432,1.317273857,1.860273269,-0.134504124,-0.134252175,0.778551252,-0.374218793,0.489932231,0.648186818,-0.582676547,-0.788504859,-1.050156766,-0.92877194,-1.385326315,-1.93691917,-1.84510421,-1.651566856,1.619622701,-0.757081097,-1.136855061,-0.655578094,-1.676062459,-1.589273296,-1.665024016,-2.254091056,-1.782212805
250,-1.197041099,-1.125813065,-0.957909136,-0.570320237,0.136263969,-0.178367256,0.064194848,-0.888029191,0.200017771,0.001749096,-0.642747074,-0.335909886,-0.028996567,0.774700011,1.540138345,-0.01610459,0.366344889,-0.466786765,-0.70183174,-0.292830748,-0.236277899,-0.317741968,0.654372966,0.05677363,-0.74216748,-0.745489424
