1,-0.093655089,-0.684408591,-0.531653098,-0.898907171,-0.88275609,-0.567977152,-0.905991424,0.787162906,0.699746542,-0.447606039,-1.142349493,-0.415806387,-1.196523828,-0.940221906,-1.065764479,-1.178599241,-0.589548461,0.834221926,-0.55039863,-1.213105079,-0.2856797,-2.62634955,0.281562174,-1.186592628,1.073902199,0.218518732
2,-0.579162146,-1.826512324,-1.030701442,-0.520817434,0.797260419,1.022049147,-2.195892237,-2.733821645,0.698425641,0.461456723,0.977328448,0.282425458,0.616071839,-0.203506608,0.86357492,-0.209526088,1.400118482,-1.5538972,0.316879181,0.302720979,0.578527154,-0.266324982,-1.926398615,1.977605308,1.081809371,1.002423498
3,-1.036813992,-0.111820532,-0.178061982,0.30647265,-0.936649118,2.033996102,-0.289949955,-0.782448445,-2.153681095,1.003029856,0.49455772,0.3866211,-0.563284071,-0.154097717,0.477388769,-0.214096521,0.142366334,-1.030358342,1.09072184,0.502893758,0.247585872,-0.044190532,-0.442427577,-1.259122585,-0.272146559,0.05791724
4,-0.722576555,-0.801931674,-0.659104788,-1.253123106,1.987394828,-1.08936784,-0.193694159,0.91686942,-1.255224782,-0.151761248,0.771499095,0.427118908,-0.143936976,0.15372894,-0.236681895,1.325284592,1.231423629,0.030013195,0.048851936,-0.255448996,0.197105395,1.022507613,1.729653199,1.091168274,-1.550250596,1.006304577
5,-0.427999935,-1.232116142,-1.825967888,0.025832724,0.994114581,2.805170501,0.750315796,1.037042895,-1.300327547,0.392449038,-0.544074402,0.378967719,-0.579959009,-0.61552787,2.024740591,-0.334026854,-0.924356996,-0.607801842,1.0141786,0.008772379,-0.435196221,-0.132262727,0.764876316,4.875561528,1.892472504,1.434117416
6,-0.471665319,-0.658479544,-0.148318679,-0.989252877,-1.22876888,-0.545319646,-1.268039701,-1.35366354,1.277898266,-0.528207004,-0.684507008,-0.121113364,-0.934943617,-0.460492059,-1.44022717,0.253671315,-1.02842761,-0.092696787,-0.71282359,-0.820193932,0.225272957,0.490642711,0.91047283,-3.844274148,-0.157294472,1.738514696
7,0.117499771,0.096551002,-0.274772617,0.305770574,-0.977708097,-0.255175484,1.093372689,1.055810551,0.39364,0.472008033,-0.376312116,0.979767149,-0.224774456,-1.142133942,-0.236534682,0.1876244,0.188978176,0.12071015,0.461119943,-0.523756015,-0.158902467,-0.281401542,-1.160723282,-1.098757452,-0.012040135,-0.431398356
8,-0.481077683,-1.152914137,-0.91835929,-1.290845757,-1.766778565,-1.15397858,-1.868949544,-1.621220692,1.525862077,-0.646045623,-0.436089932,-0.175284543,-0.37405153,0.139335889,-0.377520679,0.176231372,0.027697683,0.743914936,-0.390167446,-0.945863271,-0.154133646,-1.982381236,0.024150464,0.776990437,2.365708719,-0.872845747
9,-0.605927977,-1.168463332,-0.483818497,-0.573352947,-0.156621235,-0.260317037,-1.098303643,0.114712923,0.281640131,-0.078605832,0.132343696,-0.591973188,-0.346569401,-0.653261261,1.944850148,-0.97234703,0.88174079,-0.937505013,0.510172255,-1.61758702,-0.191855888,-0.015853621,-0.386962144,0.353767119,-0.31469488,-0.583159898
10,-0.550051975,-0.839200698,-0.90723315,-1.495066363,-0.920919241,-0.350818635,-0.664864686,-0.437798223,2.135623091,-0.776862304,-0.417335801,-0.272137698,-0.029435355,-0.878966592,-1.29938851,-0.867859672,-0.698714555,1.132366672,-0.662967766,-0.274801255,0.598954964,-0.608208427,0.105795861,-0.359817593,-0.858905375,1.718347492
11,2.210848103,0.682661755,0.443074077,-0.707350258,0.236268786,-1.047272206,-0.957864955,-1.053106204,1.611172826,-0.408292827,-0.795739438,-0.581989771,-0.668488871,-0.800844665,-0.523327545,-1.985569146,-1.493419481,0.444104402,0.018409542,1.556744331,-0.325494545,-1.134372659,0.461284272,-0.49740206,-0.932847724,-0.933586669
12,-0.848971784,-0.732280266,-0.811484086,-1.138413865,-1.317434066,-0.754994008,0.423590563,-0.966423953,1.144291417,-0.474449418,-0.445481799,-0.401917574,-0.073430063,-1.37690539,-1.426009758,-1.191671433,-0.299777052,0.498095264,-0.815243405,-0.547378637,-0.563031314,-0.116178576,0.171854091,-1.332843116,-0.244791806,-0.307835374
13,-0.572319111,-0.190357577,-0.205084876,-0.391228165,-0.466862665,-1.395343169,-0.400375267,-2.058575304,1.156148581,-0.405392604,-0.575366781,-0.946390326,-0.813015892,-0.088715793,-1.135996612,-1.18362331,-0.68911987,0.612817651,-0.092475897,-0.861056433,0.52566224,0.565127656,-1.343087215,0.371062562,0.984890683,-3.17221124
14,-0.623128742,-0.434328614,-1.01130348,-1.305938616,1.336054649,0.061356525,-2.241859128,-1.122510564,0.143990351,0.347835653,0.205938738,0.796500112,-0.313504716,0.861076505,0.519429607,0.361307153,-0.745496108,0.092154698,0.330656697,-0.352335119,-0.378121298,1.036560966,3.213973085,0.385945948,0.362202123,0.020800438
15,-0.845024645,-0.508186248,-0.828312755,-0.834806533,-0.511296102,0.168144288,-1.848886047,-1.365415945,0.814718686,-0.29630777,-0.504720153,-0.292658188,-0.111641865,0.649546492,-0.214395257,0.670020692,-0.261979943,0.497602947,-0.443603913,0.393293692,0.023014128,-1.308254668,1.734503985,-0.316385707,-0.926975924,1.306054198
16,1.907814883,4.039196353,2.012691596,0.529440027,1.962272615,0.724675256,1.595899649,0.30901201,0.544537126,-0.574696752,-0.467306379,-2.005410811,-1.367493486,-1.46954782,-1.875690469,-0.261524765,-1.484149796,1.167599054,-0.992049822,-0.146040607,-1.448830337,-2.06896961,-1.304215253,-0.885751495,0.153683937,0.035325408
17,-0.224887626,-0.455002802,-0.247753634,-0.692458721,0.117439524,-0.678115777,-2.056303932,0.382136832,0.197915089,0.156302916,-0.425653609,-1.041782391,-0.785032499,-0.321526126,-0.970660319,0.874078094,-1.005854758,-0.644713232,-0.160329681,-0.501140672,-0.885116891,-0.450944092,-0.861689535,-0.69516498,-0.654608262,0.225681826
18,-0.284696826,-0.473702316,0.074316138,-1.026343089,-0.599937037,-0.138893406,0.387903734,1.325047534,-0.040383817,-0.282901962,-0.191890726,-0.71548465,-1.180169622,-1.226121403,0.138488615,0.316964257,-0.133844241,-0.221008533,-0.714458713,-0.157967886,-0.883457772,0.210363295,-1.893745026,-0.11678766,-0.998049298,0.078391815
19,-0.874433037,0.387889922,-0.398847032,-0.214001574,-0.085357381,-1.014929272,-0.721201648,0.352470416,0.234459805,-0.341217407,-0.227404202,0.149931671,0.190412997,-0.782732072,0.524823889,0.458352215,0.303080953,1.358550768,-0.604615009,-0.224607318,-0.716596019,-0.224062918,-1.455173917,-0.899456776,-0.470211781,-0.378217869
20,-0.517962271,-1.107037851,0.307433583,-0.704660721,-1.247738167,-0.73588452,1.430879776,0.15249829,0.028470547,-1.199406949,-0.085445058,-0.814313604,-0.707727363,0.619642837,-0.360347529,-1.428327048,1.068702562,-0.465249193,0.67072564,-0.969630821,-0.495399834,0.110204671,-0.123942269,-2.508127746,0.332351846,-1.287476675
21,1.324168718,0.131142569,-0.032489657,0.875579804,0.208298968,1.345047169,3.693380661,-0.669289961,-4.268671147,-4.043315358,0.239394,1.715403247,-0.479727714,0.093594489,2.431362483,1.442206325,0.454274795,-4.514009094,-0.356843161,0.650075121,4.185689481,2.683203409,-1.087333541,1.493143067,-0.119084007,1.068621334
22,-1.158638119,-1.483970841,-1.546024639,-1.075644911,-0.80102752,-0.734307572,-0.542796863,-0.856814856,1.559984063,-2.264213698,0.146159412,-1.162210357,-0.569469028,-3.294472286,-0.264022228,-1.875922178,-2.662183371,0.198272302,-0.707153407,-1.254891795,-0.834051622,-0.781102396,-1.562706166,0.29064713,-0.926417496,-1.318070964
23,-0.341735815,-1.745793291,-0.58635293,-1.950464707,-0.859945266,-2.478422947,0.833706496,0.486610752,0.727803295,-0.510002792,0.321944372,-0.820361327,-0.911935131,-1.82528815,-2.538755884,-2.81526408,0.231479181,1.068262891,0.190070757,-0.325560029,-1.153249951,-1.864461882,-0.731437425,0.001123901,-2.131031848,-2.639292809
24,-0.754656443,-0.884321817,-0.898124292,-1.699114362,-0.446818666,0.197269498,0.739874481,0.564082786,1.619498129,0.152251301,-0.307347407,-0.775606707,-0.925295914,-0.90746398,-1.135907789,-0.216780211,0.505114491,1.759416832,-0.448263225,-0.147779006,-0.754776601,-0.434743749,-0.703668956,-0.975889791,-3.230291635,-1.44725587
25,0.482444664,-1.249069785,-0.473537795,-1.011736706,-0.495853963,-2.339133204,1.635925268,-0.99776852,0.493627448,-0.067119918,0.048760963,-1.477871255,-0.278475819,-0.693696861,-0.909598512,-1.359611714,-0.734193395,-0.06115342,-0.371063791,-0.06126288,0.579347316,-0.818270515,-1.522394228,-1.0235013,-1.444667982,-0.396698462
26,-0.629252516,-0.610325955,-0.493949744,-1.101178218,0.55906025,1.724188118,2.051408996,-1.09789375,-0.212266189,0.649684153,0.139589705,-0.228947312,0.426420771,-0.468277406,-0.493995523,-0.952873332,0.997581218,0.411625663,0.622312598,-0.428038327,-0.373024208,0.619662616,1.646299589,1.267141545,-0.47680445,1.014424664
27,-1.383272036,0.382067064,-1.491392578,-0.361895258,-0.220453949,-0.616601149,-1.515984043,-1.724568482,1.51827038,0.175161206,-0.19981368,-0.392879821,0.437285446,-0.805128619,-0.551293362,-1.417317367,0.739595995,0.490497344,0.555973088,0.088613389,1.14753523,0.945929873,0.024097776,-1.56828827,-1.638714641,4.293530667
28,0.762438582,0.374608871,0.191617343,0.6779979,0.556427551,-0.022705774,0.768158079,0.605404244,-0.547170324,-0.029055145,-0.172178861,0.61059547,-0.39200254,-0.288158489,0.018230516,-0.191963664,0.132607317,-0.781960474,-0.000502177,0.258872099,-0.094047264,-0.282948391,0.108821784,-1.422383998,0.993267502,0.256016588
29,-0.623247516,-1.414030409,-0.910543187,-1.253270148,-0.472696515,1.806449692,0.000624851,2.102199972,1.236081323,0.455374825,0.399809723,-0.712304838,-0.298575454,0.786766421,0.127710539,0.600321698,-0.427805448,-0.046788445,-0.236407766,0.927800106,0.308668834,-0.916393225,1.372457754,0.571424079,-1.869412909,-1.922024715
30,0.909229594,-0.071305942,0.823491518,3.937959316,-0.645861479,1.715813457,3.786042866,1.119425094,-0.779512554,3.997203988,5.587258728,-0.465744653,0.125455779,-3.665576317,0.542595261,-1.507790928,1.802439462,-0.533314222,0.410219355,4.267577551,-0.597944364,-0.614694156,-0.283948829,0.906146889,-0.275754333,1.334648585
31,-0.734505123,-0.156797239,-0.629592103,-0.74177232,-0.026676335,-0.638396139,1.12140023,0.633783663,-0.623786857,-0.709814616,-0.994393843,-0.28765532,-1.033359517,-1.555596525,-2.825240565,-2.379004459,-2.053367968,0.548705124,-0.894128308,-0.928338132,-1.213724656,-0.463474889,-1.596686399,0.431030173,-3.716018851,-3.793789233
32,0.487281768,0.381638314,-1.565205837,0.023043268,1.798929523,2.27581235,-1.044947663,1.341241441,-0.994726827,0.0598055,0.092024572,0.234445348,2.230627465,1.582379857,0.517418852,1.516802409,1.904577672,-1.105242753,-0.586725983,0.034474497,0.679326869,0.052777943,1.156408496,-0.760973203,-1.123003961,0.892196427
33,-0.586195881,-0.068835617,-1.26530455,-0.527074436,1.661975752,-0.585764321,-0.809691688,-2.971157919,0.999434649,-0.084634867,0.883704955,-0.75018844,0.683038752,1.972483803,0.425300239,1.726924485,0.07292541,-0.201745115,0.248862292,1.054442824,0.877094542,0.301844421,1.724052625,3.300727582,-2.424743385,-0.018080451
34,1.081853824,1.851132338,4.197817656,2.605800656,-0.265688771,-2.093211142,1.302494365,-1.102760232,0.569477817,1.162468722,2.369633824,3.890885054,-1.751485075,-2.07694219,-0.190364361,-2.162408065,0.562010347,-3.687023731,0.3365355,0.01235059,1.330948065,4.571501995,-0.911778886,-0.118003487,-0.882271361,0.747742694
35,-1.008660169,-0.12716138,-1.015456224,-0.142191336,0.235507205,-1.132294754,-0.201433268,-0.277604342,1.617496293,-0.110597604,-0.448979414,0.315521511,-0.921068915,-0.659930408,-0.841895496,-1.086153862,-1.0330194,0.767017178,-0.68358714,-0.543558748,-0.268752609,-0.812575812,-0.330626093,0.026988929,0.243262195,-0.675989511
36,-2.611435601,-1.905773473,-1.20336145,-1.477428113,-1.876023568,-1.963218762,-0.46027961,-1.413925106,4.335215064,-0.742312144,-0.675056908,-0.122791454,-0.545974939,-0.716108491,-0.463648827,-0.741917041,-0.037122902,-0.075389922,0.059561113,-0.146088882,-0.137400153,-0.42985976,2.1444035,1.681782022,-1.209914408,-2.521186781
37,-0.853260397,-0.035730037,-0.271260265,-1.018435317,-0.813254825,-0.629434234,-0.656932998,-1.513339812,1.19365403,-0.476378856,-0.649905449,-0.607895583,0.091866666,-0.604138341,0.296197102,0.091183868,0.817218884,0.232833699,-0.661489833,-0.423058886,0.20519643,0.502270056,1.750724975,2.524921775,1.62311208,0.162789721
38,-0.216766248,-2.255595624,-1.715810017,-0.476013282,-1.929780517,-0.508363498,0.664529298,-0.434352151,0.384197655,0.634889305,0.666224302,0.519384402,0.599000327,0.867681492,0.412631945,-0.478759699,0.36275643,0.496120396,0.856126632,0.072785098,-0.003183713,-1.282153144,-3.880966889,-0.601486071,1.561868506,0.093432419
39,-0.402911825,0.413592843,0.274250593,-2.072017944,-1.683240568,0.098310371,-1.485334461,-2.605137282,1.572235729,0.232570587,-0.452650882,0.528766273,0.559173867,-0.020622558,0.121004766,-0.444286865,1.95282636,-1.117144264,0.003141179,-0.109409285,-0.218540881,0.589049012,0.30738047,-0.766123021,0.189537274,-0.067022208
40,-0.863787329,0.248834925,-0.193102844,-0.660780051,-0.168053715,-0.068660707,-0.571228482,-0.704910887,0.324833076,-0.191389888,-1.039863482,-0.688537494,-1.482303764,-1.001865284,-0.094664352,-1.152114608,-1.366414146,1.09998989,-1.030846489,-0.466591256,-1.295028025,-1.076576722,-0.580640712,-1.180262843,-1.516706134,-1.053039664
41,0.581095002,0.090189082,-0.65718564,-0.15811665,-1.048844501,-0.891710759,-2.788850597,-1.579122653,0.268548372,-0.723915244,-0.117146789,0.891576491,-0.90434222,-0.727719132,-1.00984353,-0.243029669,-0.496617711,-0.757913443,-0.139393834,1.129774995,0.149008511,0.200453026,1.900943524,-3.061967756,1.315811199,-0.347962255
42,-0.444007053,-0.639504659,-0.36535585,0.099847567,0.455165379,0.236783678,-0.450471842,0.4445776,0.042668251,-0.43622826,-0.426686391,0.34181979,-0.068135873,1.126074539,0.271617786,0.635157304,0.992766918,0.192809577,-0.054388846,0.21724709,0.225945092,-0.426557678,0.462222852,-0.625688649,-0.284985469,-0.898350657
43,0.347791844,1.056125869,1.676126886,0.356010821,1.109677071,1.001730491,2.706230928,1.719209766,1.373431908,-0.567085491,-0.431087678,-2.336004428,-0.499158768,-1.196599479,-2.477081669,-1.748117594,-1.684486963,2.375736724,-0.917381033,-0.53684521,-0.643805926,-1.986336482,-0.475742776,-0.408337347,0.236907412,1.109858837
44,-0.309691882,-0.729838211,-0.720074599,-0.808036628,0.481110216,1.835918485,-0.367932892,-0.542295027,-0.256380977,-0.682293196,-0.859737674,-1.166240366,-1.967830132,-0.99410771,-0.653156399,-2.372239037,0.688635324,1.427964093,-0.810318364,-1.074121892,-0.595760212,-0.840583933,-1.360379794,-0.418963827,-3.635023791,-1.119560858
45,-0.137623775,-0.41037774,-0.495549673,-0.747599177,-0.495197488,-1.567499188,-0.633184527,-0.884685616,0.397995294,-0.233958344,-0.301154531,-0.268614575,-0.197692397,-0.597109931,-0.603422959,0.673770983,-0.070964486,0.026820561,-0.538268465,-0.466067264,0.023948175,0.088729953,-0.583776568,0.195034018,0.688360159,0.005878403
46,-1.546131409,-2.038164704,-1.320688351,1.196770999,-0.360384297,1.042934587,1.855260484,2.685968952,-2.051651734,0.26116716,1.188534763,1.035413848,0.301725215,0.736598609,-0.419587349,0.249141871,0.844873654,0.167837792,-0.170494753,0.456731564,-0.559265887,-0.557424422,2.568252588,-2.096227413,1.257589206,-1.692978686
47,-0.995849573,-0.526618341,-1.760737543,-0.617514071,-1.669575932,-0.996416042,-1.349179062,-2.995276185,-0.450701358,-0.430472408,0.715950702,0.13824545,-0.268536043,0.096643221,-1.610092941,-0.147260805,-0.08720327,0.656019046,-2.607009735,-0.148805801,-1.163721243,-0.991908552,-1.536717972,-2.237087307,-0.628553179,-3.56040664
48,-0.629465281,-1.188705627,-1.190385041,-0.653010131,-1.298567654,-1.443002656,-0.791120982,-1.9340919,0.912398752,-0.885393277,-1.070013548,-0.917227245,-1.053587356,-0.441751128,-2.036448593,-3.048861307,-0.287239501,1.480081499,-0.539732832,-0.781856666,-2.165815836,-0.407118579,-1.952762785,-1.935546676,-2.961464878,-3.725854249
49,-0.856872816,-0.269697287,-0.533597116,-1.061105061,-1.691576307,0.068049892,-2.562847416,0.658436964,0.042958397,-1.292195406,-0.505329219,-0.371302628,-0.679090834,0.047788137,0.21975104,0.385464238,-0.04762964,0.455488601,-0.644854057,1.126169118,-0.680058046,-0.111138576,0.158069774,0.96425184,-0.010936547,-0.137329607
50,-1.164996044,-0.740773114,-2.427791008,-0.887564675,-1.030760663,-4.974862786,-1.98854811,-2.276662165,3.752986464,-0.172791538,0.401530872,-0.921453934,-0.012878521,-0.306237253,-1.188118664,-0.521759383,-0.133904259,0.487639967,0.753810839,0.267743284,1.00036526,2.172271772,5.40181574,7.202788272,3.511657215,0.96779686
51,4.477897838,1.701152344,0.280808211,1.479962605,0.156676613,1.800580215,2.464411455,0.803247741,1.348930042,-0.337292071,0.358548229,-1.334513932,6.981493291,0.006189612,-0.035892884,1.967889467,2.154365008,-2.793777045,0.258341894,-1.035045426,1.956687103,2.140897132,2.2264596,1.653622088,1.956383999,1.841708531
52,-0.448172334,-0.8498489,-0.349432201,1.612539962,1.384811189,3.685166087,1.773134253,2.320218842,-0.626679439,-0.82868284,0.606005886,0.448283012,0.808449207,2.002922484,1.369395354,1.562057294,1.080096248,-0.955840607,-1.388207538,-0.863004362,0.092287773,-0.262390285,1.007846434,1.16357103,0.840442302,1.376610324
53,-1.319761248,-0.031184396,-0.900552022,-0.389192489,-0.998231706,1.103577863,-0.510243806,-4.627754728,2.282394679,-0.399966962,0.003240807,0.448637809,0.285628562,1.618278485,0.407988156,2.081981615,0.507577958,-1.044702871,-0.295560923,0.486104677,-0.779717895,-0.440861342,2.542883648,-1.210261273,-1.280491819,0.092044552
54,-0.3218184,-0.406367439,-1.088303145,-1.108450482,-0.386351509,-0.594565665,-0.42766609,0.470213658,1.624952835,-0.376349652,-0.965793323,-0.551367386,-1.498841591,-0.681861125,-0.095285773,-0.785187852,-0.840493901,1.399489138,-0.232767421,-1.131689227,-0.965656755,0.179260462,-0.404192454,-2.335876647,0.800818137,0.819861209
55,-0.642012547,-0.735031018,-0.320982277,-1.139405825,-1.066563941,-0.536077412,-0.807809213,-0.377384554,0.793353542,-0.562887294,-0.471021229,-0.514973472,-1.117463603,0.037587933,-0.939952848,0.114072077,-0.745342744,0.505153945,-0.90479014,-0.115453267,-0.924384179,-1.228276001,-0.671237811,0.626354766,-0.695362279,-1.319908951
56,-0.44100554,-0.562848218,-1.011051913,0.188261353,0.19503355,1.360454832,4.093126891,1.334345673,-0.263678165,0.595374988,0.160694722,0.018567709,2.142258949,1.783923521,1.745135088,0.445519404,1.463922614,-1.442042346,0.808854205,0.073409735,0.83929132,0.433992963,0.88702269,1.072156226,1.023801351,-0.597620578
57,-0.909687415,-1.310914117,-0.586107224,-1.065843863,-0.282688111,-2.151251419,-1.673168673,-0.975190273,0.76288724,-0.35543613,0.884667784,0.263509171,-0.673550534,-2.006052271,-0.326130407,-1.291021385,-1.887340887,0.518588148,0.532267263,1.793636818,-0.214315334,-1.135212621,-1.84110123,0.139910235,-1.169271209,-0.165017309
58,-0.227118325,-0.677894282,1.745169047,-1.816453833,0.862232723,0.774975425,0.353946428,-1.562054157,-0.20294074,-0.502970296,-0.330011468,0.147678765,-1.810677453,-1.498111723,-0.955617002,-1.986627139,-1.943084505,1.205282848,-0.476077075,-0.809530573,-0.793374156,-0.123579388,-1.599101244,-0.015305439,0.889757612,-2.418397571
59,-1.349547847,1.453733923,1.105941686,-0.459498196,0.380676369,-2.092130202,-2.079748607,-2.392097949,0.278489689,-0.644454885,-0.305983521,-0.71640551,-0.273445733,-1.378327091,-1.245300567,-3.811293525,-1.157915242,-0.047090701,-0.557889308,-0.611215539,-0.156141127,-2.500351316,1.034977237,-3.477688835,-2.622796901,0.699529111
60,-0.200748682,-0.724208004,-0.945464983,0.037500974,-0.280779262,0.370659984,0.342284204,0.16220351,0.666299825,-0.383175062,0.39421166,-0.219758345,0.495516706,0.445863153,-0.589161121,-0.527102232,-1.484208625,-0.550994896,0.008633678,-0.992029942,-0.7685664,-0.022341369,-0.341338741,-0.572709082,-0.069486701,-0.287785704
61,-0.527260296,-0.895474175,-0.570452163,-0.234993782,0.17053061,0.269893438,-0.049204043,-1.039254812,0.44213137,-0.504453875,-0.201708834,-0.150743054,-1.084833203,0.789192811,0.521745059,-0.350479072,-0.804614222,0.492933831,-0.231176265,-0.331866688,-0.310075417,-0.287959753,0.98129995,-0.24862346,2.875425668,0.944828278
62,0.911420892,-0.342058717,-1.551603992,-0.335190378,-1.513335699,-0.436620842,-0.600293882,-2.125029898,2.170818787,-0.462153038,-0.422796958,0.029253881,0.245607546,-0.368968333,-1.731419887,0.566020977,-1.168229566,1.746542431,-0.763450852,-0.639721385,-0.49091556,-1.71147459,0.50779083,-1.295774119,-1.766502436,-1.671692945
63,0.423654725,-0.303479044,-2.854901138,-0.812382079,-0.55770875,-1.734766854,-0.84483306,-1.014008869,0.661296096,0.073402318,-0.393121254,-0.475486355,-0.782361087,-0.428442663,-1.101207956,-1.568442511,-2.88448502,-0.162313673,-0.419468184,0.150810269,0.172411165,-1.062693188,-1.079455277,-1.753785014,0.298218372,-1.850324659
64,-0.340735986,-0.803216445,-0.689197378,-0.414401201,-0.730663919,-0.515612783,-0.381419571,0.144446929,1.664957806,0.459924605,-1.296687578,0.397040155,0.120836356,-0.87804001,-0.710230577,-0.24135788,0.207964569,0.290285136,0.359049987,-0.199732503,-0.901651136,0.11088067,-1.107136359,0.717074209,-0.149983882,0.972970125
65,1.029467602,1.778171488,-2.141508639,-2.293755853,0.307891435,-1.430744065,-0.802453332,0.770451086,0.947397267,-0.337741369,-0.71610449,-1.764586527,-1.242862727,-1.599549753,0.523872849,-3.255098633,-1.557037447,0.75019987,-0.788847778,-0.855315994,-0.069543313,-0.967773591,-0.614656448,0.416492595,0.191887899,-1.930842789
66,1.421393291,5.016492572,-0.423269687,1.315146348,2.292715348,2.460585262,1.015860797,2.513619746,0.237071532,3.026062969,8.356285382,-1.803656299,0.16706311,1.146439058,1.570984326,2.316099554,0.787345153,-1.694132138,1.288140848,3.8085079,0.673315759,-0.700712125,-1.136892627,0.784540367,2.711302792,-1.097009829
67,3.308151843,2.155751429,3.507296932,0.898452379,1.609885992,3.638798995,0.762277668,0.102349992,-2.815987686,2.58686021,-3.928426008,6.941474778,3.495825335,1.144769199,5.153302515,-0.045495047,3.019091541,-2.734643845,6.32339234,6.176178022,-0.263808845,2.483304269,1.134906063,2.257966811,1.371047766,0.884082582
68,-1.585509431,0.848921356,-1.06062684,-1.098755593,-1.313333189,-2.138080948,0.707226802,-0.846258785,1.099065215,0.14121126,-0.080732721,0.066473542,-0.909375469,0.609832695,-0.580213159,1.26417318,1.048240281,-0.614287296,0.459718566,-0.504051906,-0.194667955,-1.638615255,-0.332381949,0.029032096,-0.9201412,0.01007936
69,0.444675152,0.920218062,-0.703696415,0.01698358,-1.022786258,-0.316360423,-0.557541468,-0.316061037,-0.721252388,-0.243601596,-0.184731777,-0.953471398,-0.677979553,-1.385286677,-0.143724263,-1.440130867,-0.708992763,1.054162571,-0.638705693,-0.796706368,-1.099289774,-0.515858786,-0.822164118,-1.097593415,-1.378062834,-0.628698483
70,3.109928062,2.429426384,3.269476669,3.289636118,2.343095744,1.898922806,2.252880932,0.883772967,-0.643159103,-0.969168132,-1.624638349,3.904027835,4.511957653,3.177808915,3.987366799,0.288852922,2.652970215,-4.740737052,4.1494078,2.583623165,4.3462388,5.040899788,0.461921683,0.745086057,1.987080554,3.215252734
71,-0.500567042,-0.10801819,0.312254025,-1.331504988,0.519592486,1.591194567,2.003234356,0.406505756,-0.176752811,-0.70795074,-0.822888999,-0.773756522,-0.739029668,-1.462806934,-1.612946941,-2.566608044,-1.073774059,0.912036595,-1.002048183,-0.851134922,-1.415343669,-0.570792233,-0.941442631,-0.336744833,-1.204817317,1.016246861
72,-0.555583669,-0.518468936,-0.584928909,-0.224516666,-1.503383715,0.243378513,-0.706240103,1.455529906,-0.106585882,-0.798082607,-0.154089184,-0.12869814,-0.848802014,-0.45498749,-2.194854041,1.624591764,-0.420679916,0.314881339,-0.567242856,-0.251648489,-0.751341779,-0.910505213,-0.114028767,-0.893900533,-1.820858091,-0.290474558
73,-0.944304288,-1.013584829,0.312133448,-1.806575203,-0.629277836,-0.391951823,-0.945214327,-0.440315172,0.327319541,1.116616192,-0.793356029,-0.664128839,-1.15768757,-0.613822936,-1.579259691,-0.6311281,0.628946786,0.43364905,-0.426724206,-0.605721013,-1.007899492,-1.322997034,0.177731639,-1.348896764,-0.778617977,-1.033598632
74,-0.536982208,-0.667532986,-0.672525075,-1.025810213,-1.220663581,-0.968172917,0.031613462,0.591836046,1.058222918,-0.440354432,-0.670795212,-1.146515714,-0.801946374,-1.467408421,-1.289722179,0.625220892,-1.570913212,1.409806802,-0.516749045,-0.648062185,-0.737416904,-0.868077376,-0.922394416,-1.384641919,-2.187642297,0.543026513
75,-0.617461833,-0.496249241,-0.058167479,-0.920483406,-0.483482511,-0.186883318,0.323507556,0.381833711,1.10418972,-0.453884267,-0.51822102,-0.452166147,-1.444468593,-0.572619313,-0.131826082,-1.192133851,-1.740310497,1.102855217,-0.866304884,-0.570387792,-1.021598431,-1.486434513,-0.459434636,-0.995004958,-1.82956145,-0.749472412
76,-0.273716368,1.828351315,-1.178657759,1.816096091,0.538211727,-1.117886365,1.005098027,1.707936684,-0.945147518,-0.845047815,-1.225971214,-1.558906916,-1.26397452,-2.364160416,-1.210124151,-0.536610275,-0.964485624,3.492994508,-0.437479435,-0.983778039,-2.030956942,-1.890590716,-2.81615322,-1.917440378,-0.650590582,-3.056418036
77,-0.644295954,-1.328062327,-0.84021861,-1.520479459,0.179684625,-0.639188052,0.569766022,-1.189565766,1.996199794,-1.728112869,-0.095418424,0.181690603,-1.06593308,-0.918548757,1.346171897,-1.729784787,-0.085247191,0.843768251,-1.813204636,-1.689008989,-0.526835039,-1.019442524,0.376649584,0.47455574,-1.555284388,-0.086266813
78,-0.832212033,-0.977792992,0.76545789,-0.697471561,-0.588131241,-0.519799914,0.594638682,-1.059650713,-0.096442401,-0.384864914,-0.309321039,-0.87977372,-0.307780828,-0.877661142,0.716685783,-0.383733055,-0.196931414,0.282829165,-0.830293722,-0.333841225,-0.05490105,-1.019424975,-0.303309406,-1.026769868,-0.624189435,-0.587824531
79,-0.080900313,0.273879275,-1.714582195,-1.064941593,-1.685710007,-2.329422619,-0.816284346,-2.122710001,0.968626827,-0.515866925,-0.85514894,-0.312626713,-1.434845858,-1.437269019,-1.001072831,-1.316116457,-0.786345183,0.115966154,0.677207752,-0.713908929,0.705919164,-0.672143013,1.713847784,-0.693003769,-1.510288911,-2.221621882
80,-0.524286162,0.20260361,-0.787486194,0.082516218,0.776424447,-0.951189669,1.657262993,2.217221331,0.327818791,-0.031327529,-0.042571192,0.534036818,-0.338156869,-0.204712523,-0.050560197,-0.818855609,0.738741194,0.981829493,-0.568799209,-0.218659214,-0.564335716,-0.428211904,-0.570978459,-0.174000304,-0.339640149,-0.000906207
81,0.23631357,0.762179164,0.61319439,-0.512688215,-0.150478322,-0.833169674,0.449370412,-0.720832462,0.767807867,0.432059134,0.480477692,0.64562908,0.399285317,-0.711712632,-0.382766681,-0.340483894,-0.447749339,1.554572696,-0.411346148,-0.168081148,-0.751277602,-0.34702059,-0.6348585,0.08760875,-0.369652043,-0.388896818
82,-0.48329724,-0.70669723,-1.261983738,-0.276262117,0.862806922,1.476789023,-2.076452143,-0.276928788,-0.742848979,-0.423694503,-0.500955286,-0.06537598,-0.495974692,0.111877876,-0.479924342,-0.683217676,0.363775342,0.667517023,1.391774471,-0.899124669,-0.341553275,0.66131401,-0.238262148,-1.514788074,1.192516007,-1.184650313
83,3.269825456,0.767253605,0.38909585,2.490640613,1.046725555,1.422037123,1.409773164,3.131290484,-1.869414721,1.314173383,-0.853808831,0.106829608,3.470551776,-1.322591393,4.803794685,3.057936222,1.962478395,-4.3409882,3.657406199,-1.627305126,5.851080498,-0.273569413,3.41998377,2.523931938,1.253278607,3.215334041
84,-1.033833389,-1.474303624,-0.892446981,-1.955590647,-0.966016637,0.021249028,-1.335264696,-0.298305646,0.292962867,-0.417040832,-0.860307472,-0.962098977,-1.104802176,-1.352910828,-2.186386104,-1.02638905,-2.097268803,1.837209287,-0.663339198,-0.432979518,-0.738522361,-0.337073093,-0.617103716,-1.173311987,-0.3161038,1.203997476
85,0.211840663,1.26463939,-1.117087338,-0.111959442,-1.326941701,-0.741364415,-0.403492117,-0.80342025,0.56462347,-0.963263656,-0.971910289,-0.609530968,-1.63562818,-0.213251413,-2.887511479,-0.710122941,0.319871316,0.96118274,-1.140907797,-0.04145977,-1.533388875,-0.164793803,-1.125551679,1.456701155,0.228767445,-3.068223884
86,-0.720007198,-1.428857226,-1.33919184,-1.214198482,-0.728784632,0.217360118,-1.137054322,0.330595141,1.696496124,0.240607741,-0.974095291,-0.125139097,-0.768764174,-1.837039528,-0.779692261,-1.451606536,0.236037855,1.010150446,-0.508574631,-1.044942339,-0.99859539,-0.630957818,-3.206229993,-2.222715103,0.044942068,-1.366166269
87,-0.146225589,-0.531075335,-0.158614727,-0.997320815,-0.416788988,-0.570242377,1.541392543,0.618366276,0.304893542,-0.557027837,-1.154555415,-1.139186448,-1.373408496,-0.47465646,-0.914659765,-0.043906857,-1.293608052,0.10863054,-0.277301208,-0.951746893,-0.290595262,-0.989534019,-0.066207237,0.629587763,-2.951924025,-1.618126952
88,-1.055418594,-0.667866321,-0.864898072,-1.108417369,-1.976303043,-1.945587448,0.649477006,0.541025314,0.530672585,-0.819660071,-0.015696822,-0.579313125,-0.234201358,0.212030159,-1.206809127,-0.374292095,-0.995605244,1.303666518,0.709701963,-0.268510283,-1.432585377,-0.767438672,-0.635513306,-0.88152765,-0.637512461,-1.793385338
89,0.163592147,-0.574000578,4.255986819,1.373232744,2.519700137,0.240904787,2.006967219,1.843688095,-1.687119245,-1.889830486,1.749406905,2.908890895,4.27497785,-2.179575536,2.583555392,1.697193335,3.419905952,-0.73289406,5.210310078,2.590725276,2.154700095,2.827563559,-0.014047162,-1.027236649,2.578041384,0.842442089
90,-0.490262252,0.089409433,-1.146328778,0.346248799,-1.428056648,0.733131928,-0.603645142,-0.414098932,1.395290117,-0.764727226,-1.2381093,-1.567936403,-0.776054714,-2.461233407,-0.878986905,-0.311203811,-2.285468983,0.342592808,-0.57830907,-0.644677337,-0.647491666,-0.751939394,-1.915568735,-1.003389147,-0.331646645,-1.177001049
91,0.173674677,1.516059668,0.941285678,-0.755174422,-0.147340748,0.679240781,-0.818046403,0.209333667,0.483519564,-0.478390754,-0.048602775,0.067136339,0.496206264,-0.057185499,0.279878128,0.888573403,0.728708792,-0.499891049,-0.964328749,-0.591371671,-0.283336234,0.111915279,-0.305263947,-0.624480977,-0.678530545,-0.096282012
92,-0.429058637,-1.186817351,1.414669604,-1.121865841,-1.288206933,-0.51746053,-1.797052123,-2.298109489,0.566099499,-0.60720406,-0.559530163,-0.419259242,-1.281043824,-0.481221884,-2.230351635,-1.052368916,-0.385409388,0.076033302,0.554164096,1.492753646,1.112334622,-0.533396062,-0.715159481,-0.875517645,0.573391344,-1.416696704
93,-0.910385014,-0.542793837,-0.276897162,-1.375925583,-0.172131748,-0.718346901,0.091996462,-0.806527202,0.430580601,-0.492315548,-0.656662777,-1.165220517,-1.217168924,-1.428092768,-0.573395886,-0.474279944,-1.042237398,-0.383685722,-0.013043144,-0.615023489,-0.759207649,-0.292673056,-0.912169244,0.106989198,-0.865436751,-1.653599397
94,0.81255519,-0.577809863,-1.407215212,-0.411415693,-0.622150858,-0.936962823,-2.68490016,1.316464291,0.043095094,-1.074170952,-0.856948435,-0.354529408,-0.233488877,-0.21433478,-2.595220404,-3.266212319,-0.517617039,-0.619552893,-0.068990856,0.843818686,0.925467756,-1.579740849,-1.939227942,-1.095988105,-0.332421151,-1.048994856
95,-1.057747036,0.54693056,0.37742183,-1.158967991,1.11213601,2.338300225,0.271506532,1.627855672,1.721608296,0.954114525,0.046470643,0.214764736,0.076514042,0.793744479,0.95349123,0.872078595,1.051830157,-1.773844749,0.833776652,0.800856421,0.53524086,0.871674574,2.517210062,2.741509645,-0.166134939,0.66534483
96,-2.764724753,-0.240250808,-1.169532643,-1.353762243,1.01618737,0.872932924,-2.146116846,0.436148545,-0.367048259,-0.191721574,0.658474538,-0.166474643,0.757920523,-1.71064539,1.535161446,0.595923124,0.974142313,-0.209902699,-0.655807961,0.11812028,0.769586028,-0.219183456,-0.590655773,-1.110535034,0.937643336,0.014193895
97,0.545339465,-1.60580957,-1.075674393,1.652863274,0.765461458,1.476869034,0.936220431,0.686729837,-0.039122815,0.900330589,-0.68097523,-0.612095399,0.663193334,0.113227766,0.73076164,0.496722217,0.457784938,0.150236307,-1.013808749,-0.053245349,-0.455281155,-1.32197712,-0.212648795,-2.295173734,0.508846717,-0.443209044
98,1.217088953,0.104224015,0.714618235,-0.307366251,-1.330114491,0.096394414,-1.337793177,-1.362988569,0.445465703,-0.526699048,-0.174948327,-0.218657885,-0.700677105,-1.077260207,-1.004883985,-1.073961186,-1.258995769,1.332080036,-0.531002176,-0.355133673,-0.245911476,-1.187216199,-1.039822887,-2.551948037,-1.050519325,-0.132843523
99,-0.031419585,0.235733501,-0.786933112,-0.743499569,-1.061799307,-0.285371769,-1.477040217,0.006811042,1.054248474,-0.429954377,-1.193057371,-0.68403586,-0.639988602,-0.470906965,-0.962888182,-1.298873969,-0.288477529,0.136206284,-0.313772578,-0.217708136,0.037318482,-0.901021027,-1.50397375,-1.774854854,2.454567442,0.659956275
100,0.44026169,-1.026961006,0.164421229,0.245237558,-0.498685624,-0.258705235,-0.041780137,-1.474513838,-1.20991718,-0.046608973,-0.610050489,-1.230413773,-0.561853647,0.373087037,0.654959073,-0.565365478,0.604639538,-0.418189213,-0.145136052,-0.375481153,-0.055811979,-0.580514096,-0.405609778,-0.522585604,-1.656036192,0.046659112
101,-0.777075302,-0.580545801,-0.838527625,-1.037901966,-1.26765298,-1.172602848,-0.103219895,1.086415781,2.122182612,-0.516836586,-0.768170409,-0.593555348,-0.581338968,-0.728806386,-0.694496383,-1.483267754,-0.284965823,-0.006417427,-1.292652877,-0.538166743,-1.069076973,-0.79870303,0.927803104,-0.693919504,-1.211602796,0.494034635
102,-0.201577669,-0.896483587,-0.469714849,-0.177179734,-0.876135346,-2.13929389,0.613315954,-1.326859033,0.645915412,-0.658477474,-0.74998555,0.218330967,-1.037233419,-1.510365035,-1.052706438,-1.343413074,0.32803292,1.422862032,0.316708713,-0.634405914,0.688605684,-2.682603249,-0.129512312,-3.472961371,-2.683540857,-3.731625983
103,-0.149765711,1.349143376,-1.41606719,-1.325725854,-0.918739817,-2.086874631,-0.345852006,-1.945412631,-0.169813677,-0.153234496,-0.730281145,-0.674485384,-0.275562211,-0.640608209,-0.766606206,-0.878308948,-1.185603167,-0.733841135,-0.163151793,-0.528258012,-1.136542985,-2.683191046,-2.27885917,-1.624923837,0.979898322,2.423826149
104,3.008549006,5.293851661,3.758384567,5.785691427,0.503914928,1.114206681,2.329877194,3.126395139,-0.064702534,6.88360488,4.161424922,1.854753224,4.561309281,4.636960705,2.075373384,4.066075865,1.807010919,-1.290497745,3.673103343,1.126648339,1.900915808,4.13389823,2.226910435,3.372030715,0.126053197,2.328000655
105,0.248966444,0.168219312,0.389579444,-0.387527859,0.385795506,-0.085589596,-0.481869414,2.19582336,0.041510456,0.086015828,-0.263183845,0.707781984,-0.564332518,0.698260898,0.702749799,0.358381829,-0.27346188,0.700350619,-0.402717566,-0.353147781,-0.515034789,-0.544348318,-0.178984557,-0.661394984,-0.487017265,-0.307388277
106,0.558399065,0.307438246,-1.773312785,-0.8886763,-0.401272868,-1.798780245,-0.706891338,-1.015818179,1.385966022,-0.610810357,-0.165103435,-0.90515177,-0.260323125,-0.958727608,-1.528986196,-1.170428221,-0.20885649,0.770812908,-0.818244537,-0.449464914,-0.996234042,-0.502769815,-3.055126338,1.714413522,1.354293202,2.91327667
107,-0.594203618,1.867778665,1.394325355,-1.277042327,-0.515851312,1.894899722,-2.106416568,0.189687475,-1.51651661,-0.909274634,-0.798173828,-1.070011619,-1.17233678,-1.582782569,-0.295614933,-1.890032516,-0.758703052,1.241397114,-0.118501116,-0.380481733,-1.486884629,-0.161764999,-0.635352931,-1.370313067,-1.748660475,-1.77659164
108,-0.143050678,-1.415230838,-1.545026301,-0.717331381,0.417079818,1.988924718,-0.012803228,-0.330627343,-0.394456448,0.044667438,-0.806989206,-0.888955854,-0.364299065,0.997101363,-0.583560016,0.30248484,0.926462186,0.210320594,-0.873984304,0.03471922,0.106981672,-0.55360905,-1.84374542,-0.873303761,0.128977323,-0.356738608
109,-0.870330825,0.276375379,-0.29753246,-1.121247874,-0.899832546,-0.96794806,-0.24272967,-1.38333254,0.455452049,-0.888275564,-0.911842007,-0.936722161,-1.903828693,-1.808875674,-1.427146129,-3.264657766,-2.167800913,1.202860945,-0.963741126,-1.091171761,-1.125853774,-2.845985971,-2.811788735,-3.539335539,-1.880672228,-1.332648703
110,1.719804158,0.268898054,-1.872583521,0.809820373,-1.899672805,-1.588349289,-0.311787179,1.267702596,1.627822927,-0.057574884,-1.08543082,-1.673817869,-0.430811306,0.138064256,-0.992642726,-0.831330368,-1.018660983,0.563266212,0.11491409,-0.534405692,0.048477123,-1.790663561,-0.552561395,2.674581092,0.914443524,-1.52145204
111,-0.675290796,0.133742058,-0.6504895,-0.207897248,-0.315635629,-0.212341006,-0.61699493,0.630863995,-0.115608269,-0.748309239,-0.712370437,-1.262701516,-1.274951675,-1.074515991,0.386525306,-2.673982422,-0.145605585,1.420467525,-1.041916061,-0.942211198,-0.371916028,-1.159123048,-0.99450235,0.185735021,0.403169757,0.475893834
112,1.118077406,-2.424984969,-0.572185428,-2.455399979,-1.546969974,-0.894195628,-2.459440474,-0.404053081,1.764279425,-0.673443813,0.144442184,-0.140450265,-0.79638761,-1.098083263,-1.578568932,0.410113613,-1.507582167,0.969551904,0.260528686,0.170182828,1.203677467,0.618113311,1.035813507,0.566450245,-2.104339599,-1.564358806
113,1.135239121,-2.580896932,-0.709353828,-0.66373178,-0.594718165,-0.684749039,-1.756413259,-2.083093019,2.676565168,-0.331540241,-0.992609842,-0.75953707,-0.62916342,-1.302640951,-0.165197427,0.644321219,-0.63657124,0.774844039,0.534450762,-1.608835073,1.339417497,0.281071722,2.247748519,-0.674562612,2.192285702,-4.092341263
114,-0.826611189,-0.035367181,-0.509846165,-1.432555355,-0.66505039,0.811623096,-0.202546054,-0.236733843,-0.316223527,-0.079911769,-0.34299304,-0.706934631,-0.521179388,-1.08007456,-0.076063273,-1.407795596,-2.222989694,0.038828032,-2.401310517,-0.56406927,-0.551281638,-0.135241856,-0.618337847,-0.901009553,-0.992342957,0.398949817
115,0.821975744,2.701625068,-2.680868645,0.578677266,1.265041085,0.219402073,-0.117657107,-1.318319062,-0.057583319,-0.693773703,-0.005597932,-0.202440025,-0.37522589,-0.24532805,-0.23306853,1.007687424,0.135819412,0.112764324,-0.51314,-0.340218643,-0.343558508,0.344956022,0.385749041,-1.885027723,-0.034976738,-1.158181346
116,-0.823292701,-1.936410746,-0.903840674,-1.201641142,-0.006151958,-0.867688809,-1.195161638,-2.548941048,1.618323299,-0.467487093,0.249259386,0.011612672,-0.205605352,0.592608441,0.405154708,-0.414624134,0.103381552,1.458846211,0.144851822,-0.475543092,-0.453777693,-0.426910911,0.708559698,2.659385822,0.095066132,0.403153772
117,-0.639331359,-0.503866434,0.536332351,0.043838313,0.623088771,0.942050628,1.416889461,-0.595386856,0.404087462,-0.895009137,-0.852500564,-1.456979193,-1.220127231,-0.387120797,-1.468391831,-0.571573361,0.488236254,2.292571361,-0.470334306,-1.778542261,-2.80872189,-1.22686689,-0.178446154,0.11379666,-0.678874046,-2.697017666
118,-0.038497907,-1.908661667,-0.077612076,-1.091755294,0.010230984,-0.250536604,-0.211786854,-0.123599125,0.139784246,-1.005626786,-0.212743172,-0.265928644,-0.363134521,0.771803957,-1.235537782,-0.301312547,-0.377756853,0.137426273,-2.639942736,-0.083537909,-0.437272885,-0.09135592,-0.739695642,-1.633925533,-1.106961864,-0.900631277
119,-1.1447852,-0.795695454,-0.56462377,-0.799071417,-1.332484259,-0.570010499,-1.688534204,-0.227209747,0.858466976,-0.890197112,-0.693289751,-0.994138579,-0.368231457,-1.9000845,-1.945892217,-1.2729082,-0.356090579,0.355239819,-0.558599226,-0.984258642,-0.52771605,-0.520643426,-0.665542054,-2.997268713,-2.452873738,-2.247497799
120,2.949218414,3.003574092,2.414195254,1.816822401,0.752996845,0.995846216,2.505177475,2.392516466,-1.533722005,3.137378462,0.22684988,-2.893324421,3.967177627,-3.124916568,-4.369723773,0.62937037,0.540864737,-2.642978277,4.376003748,-4.778500229,0.187035657,-2.819375839,0.750598174,1.190780236,0.305843078,1.186868177
121,1.614796562,4.093754162,4.026615777,0.624736593,-0.372043613,1.418509989,1.829493968,4.682030179,-0.507356781,0.30333134,1.360619632,1.655604446,1.681656576,1.546989244,1.054363392,2.515090163,1.154236751,-1.951953919,-0.349266517,0.543496176,1.546673111,1.470972656,0.247586938,2.484682831,2.02220902,-0.718423655
122,1.431960855,2.987622902,0.72713811,0.283570265,1.001541272,2.22157469,1.978877291,1.294911203,-0.289426908,3.394347575,-0.341251288,2.614414158,0.982083048,-1.286038953,1.577624215,3.487548478,1.937429277,2.428341882,1.829498351,-1.732368313,-0.019719243,4.177994802,-1.947520508,1.374844785,2.068174522,1.109912749
123,-0.606408646,-0.759346281,-0.244179038,-1.356334068,-0.868502239,-0.864535732,-0.139275106,-0.614893397,1.481389103,-0.463159186,-0.691716499,-0.524307073,-1.056004883,-1.21473503,-0.268400198,0.158468286,0.177203481,1.422019081,-0.001024667,-0.782206758,0.418989916,0.041574069,0.092035629,-0.53608515,-0.507820716,2.68146373
124,1.072518473,-0.148966781,0.209804435,0.625026219,0.816216473,0.184319669,-0.647401466,-0.763151888,-0.316106104,-0.072464652,-0.125460272,-0.050249617,0.128027302,0.021240958,-0.547340821,0.266353043,-0.201440542,0.31356466,-0.320048391,0.047012538,0.284966465,-0.144302148,-0.076464295,-0.542311476,-0.245852903,-0.009488293
125,-1.793828101,-0.901658238,-0.674994974,-1.425740563,-1.036711432,-0.753380281,-2.757868606,-1.391715148,0.731099349,-0.349534979,-0.755973307,-0.061143706,0.098361649,0.814432197,1.037589797,1.946975418,-0.712269812,1.412605379,0.01792476,-0.753133136,0.069383114,-0.985288718,-0.575340389,-1.087926709,-0.068127824,-0.6060733
126,2.086103709,3.291838991,2.169269718,1.208029732,-1.76639182,-1.142897265,1.597657022,2.580468948,-1.843958247,10.79637032,1.782953534,3.348864336,2.779799639,2.901967546,0.521054081,-0.378426239,2.427235564,-2.147433902,4.257658494,8.575083453,-2.278616879,-1.47406806,1.894056347,2.316220269,0.912287466,-1.140143959
127,-1.320643032,-1.107333975,-1.600798477,-1.269575121,-0.772455488,-1.241370956,-1.582086238,-1.406069297,2.015713422,-1.919861005,-0.60113004,-0.131189393,-1.183508398,0.184723963,0.765848322,-0.757106104,-0.636998867,-0.371081878,0.193493407,-1.381189101,0.322295504,-0.792869039,0.099048424,-0.400536694,0.049635912,-0.606723761
128,1.269328186,5.046660762,1.425583599,1.333435107,1.261988972,0.858575551,2.258546954,0.109633062,-4.914536047,5.325144391,5.980591848,1.291995,3.237598678,3.11783674,-1.985606005,2.960094155,1.115933901,-0.59395524,-0.00719867,-2.621456312,4.852040719,0.829451484,0.682681813,-2.535170173,-0.555535862,0.209630461
129,-0.130625482,-1.255283552,-1.559836418,-0.419240073,-0.344717632,-0.237712537,-1.559320651,0.06110707,0.375271084,-0.654699675,-0.164288163,-0.026111568,0.280733259,-0.204240721,2.028193115,0.063513291,0.271479422,0.005604419,0.905569119,-0.9032031,-0.31987627,-0.134551332,-1.315304594,3.723549651,-2.327735723,-1.531483861
130,2.29350279,-1.858712164,2.662834237,-0.391837978,-0.332438643,-1.53889957,-1.172005116,1.247205281,2.888750216,-0.771295776,-0.538454275,-0.30942655,-2.506280814,-1.201720084,-0.341403268,-1.502148563,-1.158276793,2.719189485,-1.215176185,-0.649743693,-0.769691275,-1.024800248,-2.790187943,-2.653210001,-3.545577947,-1.385836532
131,-0.221349869,1.832463036,0.59787935,-0.599831286,-0.324262231,-1.306769837,-0.693814533,-1.195186391,0.788071818,-0.605967649,-1.619733636,-1.304892374,0.038123022,-0.582182745,-0.230911694,-1.011117959,-1.075043005,1.791209065,-1.111351239,-0.496832842,-1.141316797,-0.775468518,-2.292860706,-2.379481434,-1.581819259,-0.868466653
132,-0.590339522,-0.641322339,-0.551477689,-0.829415495,-0.167873131,-0.085591711,-0.85974896,-0.871037267,0.382496292,-0.495743501,-0.670654915,-0.522205733,-1.057954487,-0.91455392,-0.542856433,0.82138221,-1.053305636,0.454690718,-0.755610753,-0.579963974,-0.437102294,-0.229261025,-1.328069847,-0.470141335,-0.022809209,-2.581019598
133,-0.861745371,-0.93482727,-4.11147E-05,-0.637541558,-1.275192523,1.248484965,1.641679145,-0.386876303,0.2500442,-0.73456253,-0.948786013,-0.933177014,-1.046001621,-1.681086043,-0.521741479,-0.114576808,-2.395231628,0.496823054,-1.219678086,-1.284686488,-1.254603864,-0.551617307,-1.276166167,0.295294318,1.358413436,-1.204218108
134,-0.97218477,-0.413388246,-0.515774373,-0.872565028,-1.716620702,-1.025387432,-1.668960992,-1.366235048,0.969985435,-0.556881089,-0.924867914,-0.533836474,-0.192154574,-0.38038358,0.265198451,-0.620873708,-0.807153727,0.307267286,-0.505352845,-0.741157417,-0.309096016,0.470360381,1.438967028,2.431392555,1.585265923,-3.490952274
135,-2.254965373,-1.39116665,-0.46389804,-1.075489959,-1.419703977,-1.899749079,-1.619220263,-2.223908167,0.662279837,-1.134387821,-0.710068832,-0.536484978,-0.351368688,-1.950938775,-1.029689347,-1.599152997,-0.838432978,2.058928106,-0.604263154,0.164201689,-1.731287312,-0.73500982,-1.257639422,-1.059785059,-0.983516584,-0.586803975
136,-1.187065361,-1.295643803,-1.7904338,1.891961836,-1.471137519,2.290094824,-2.366818609,-2.522190489,-0.020853441,1.136935986,1.496541767,1.111803813,0.721362433,0.050284093,-0.650344488,0.972114352,0.737942539,0.735088013,0.435500801,1.159461778,0.908524303,0.181767431,2.832045676,-0.256446898,0.548476659,0.293517177
137,-0.875456859,-0.461898155,-0.887309363,-0.345564127,1.082399677,-0.481027944,-0.738912126,-0.621081729,-0.893337427,-0.99537365,-1.051031179,-0.663703183,-1.155605422,-1.297490344,-2.165427887,-1.37504049,0.587337615,0.639930051,-0.827086604,-0.727201377,-2.037928205,-2.185306853,-0.470517286,-1.677180762,-0.761768786,-2.210231014
138,0.944346926,-0.01642125,1.392071948,0.628961935,-0.162888303,0.206140078,1.168802555,0.563072509,0.32350905,-0.837866239,-0.23236824,-0.489980545,0.125416514,0.936989063,-0.598081246,1.63247049,1.501318118,-0.396599776,-0.413199742,0.159024514,0.093777048,-0.259030592,-0.733014382,-0.994299294,-0.034431002,-0.267995568
139,-1.347381613,-0.46975629,-0.026550551,-0.999206271,-1.442979756,-0.031000733,-0.5487072,0.706507985,0.521809605,-0.663855971,-0.388368532,-0.851244905,-0.699328653,-2.272602083,-0.67094048,-2.344036592,-0.725184991,2.608686864,-0.83200753,-0.884953959,-0.708023574,-1.722875556,-1.32585217,-2.245789139,-2.34635218,-1.13672926
140,-1.262815041,-0.201143666,-0.643597906,-0.134030426,0.47359518,0.884713596,-0.268016123,-0.848964502,0.264710774,-0.281249513,0.922162527,0.985593791,0.526933695,0.763148603,0.123177953,2.007506048,0.902869613,-1.002162975,-1.097392448,-0.798871174,-0.388275951,-0.413947338,2.356938323,0.683343826,1.175375754,0.82607594
141,2.814563833,4.207664494,3.129091649,3.138083755,2.445331167,2.401357938,2.169255626,2.159978136,-3.15693047,2.005395739,1.742995643,-0.620724854,0.392154364,1.274889357,2.024632546,1.182095727,2.428584198,-2.040868091,2.134041677,-0.15029179,0.198831968,0.959290825,-1.107126416,0.455505189,2.808516234,1.348239955
142,-0.888786791,-1.328509877,-0.705368497,-0.60803716,-1.293259731,-1.044806033,-3.988105968,-0.842638719,-0.110027251,0.587664153,-0.460725938,-0.098996022,-1.48595794,0.557659208,-1.67501031,-0.803371404,1.367510728,-0.47230961,-0.258238596,-0.50487605,0.053310412,-0.175231789,1.746881227,1.145036537,-0.469299796,-1.927698113
143,-0.774777705,-1.055264074,-0.376903559,-1.061533723,-2.916722443,-2.893639061,-2.893240527,-1.246922871,2.291933174,-0.55237282,-0.982248893,-0.727645803,-2.097614449,-1.005259269,-0.312755745,-0.682821576,-0.326985878,1.713210456,-1.76287212,-1.698211578,-0.829155991,0.895349104,-2.152758584,-2.196551927,-5.114172154,2.33842601
144,-0.7826131,1.152142451,0.452350126,1.073676259,-1.632125231,-0.435091683,-0.136284177,0.693025451,2.426979584,-0.484600999,-0.884658247,-0.341860931,-1.166468207,-0.284985689,-1.587871962,-2.112871403,0.48465115,1.848874055,-0.533661923,-0.733171199,-1.41569012,-1.071005014,-2.636004337,-1.512340958,-0.279417719,-3.243705642
145,-0.117693161,-0.240773277,-1.329893222,-0.494537496,0.204735302,-1.693548242,0.457537868,-0.699970578,1.114284686,-1.200685628,-0.481619749,0.541471179,-0.453739478,-0.535837573,-0.055548081,0.166004509,-0.204345218,-0.326699821,0.897457931,-0.098290828,0.109932441,0.809554916,-1.148228666,1.578060325,0.174750681,0.126504923
146,-0.132273917,-1.030187048,-0.91142597,-1.099685094,-1.10105916,-0.108465205,-1.548530171,0.048707572,0.839386328,-0.528564276,-0.76429825,-0.56225113,-0.466255904,-1.557383427,-1.576019919,-0.747536487,-0.578366072,1.478219168,-0.700158472,-0.770959546,-0.900556047,-1.519002763,-2.201050311,-2.547806891,-2.252729445,-3.512021839
147,0.845642744,1.568955184,3.117307865,-0.385671151,2.487528251,2.646940883,2.036391622,0.736684616,-3.148037122,4.52611089,1.265270069,7.446084444,1.329414829,4.577648212,2.606158114,1.937776965,2.64679465,-0.230303606,2.622763393,4.88259421,2.237609752,1.855176738,1.9436386,-0.700551661,5.260956087,2.131528744
148,-0.403313258,-0.866441303,0.104643443,-1.009432201,0.645949279,1.92099555,-0.567644217,0.116254098,0.480247168,-0.910065685,-0.647226698,-1.004020019,-1.225427737,-1.483993414,-0.239682551,-1.261040036,-0.361229723,1.280114462,-0.653923818,-1.618396278,-1.482121575,-0.675674776,-0.265545386,-2.435629598,-1.657255206,-1.762640562
149,-0.1616309,-0.513629536,-1.057546358,-0.822305949,-0.248307697,-0.989581224,-0.913096299,-1.411009278,0.841415073,-1.457519074,0.88659067,-1.112408835,-0.4157593,-0.862272651,-0.514013821,-1.371232329,-1.176959242,0.780303254,-0.484899056,-0.306172785,0.184949863,-0.051940194,-0.945098986,-0.503052659,-2.268034462,-1.714333884
150,-0.648471003,-1.935123943,-0.79232925,-1.68497421,-0.403791987,-1.623923498,-1.861162383,0.318663133,1.058427337,0.221124328,-0.001292062,-0.239389142,0.70525965,-0.837264429,-0.320948348,1.228189097,0.611806791,0.937935833,-0.394361855,-0.73746906,-0.228921992,-0.818517305,0.42365428,-0.815887291,-0.740250573,-0.967873602
151,0.469292563,3.538312665,1.107931734,3.229248613,0.10890046,2.011549035,-0.437513484,1.65503689,-0.031630009,2.458352553,4.218646406,4.276377463,-0.097430373,3.402067375,-0.345238598,4.083677463,2.653255051,-1.692999044,7.973558161,4.530822018,-0.526601385,-0.178127452,0.401097352,-2.685942135,-1.835931444,1.668986421
152,-0.17226101,-0.627832471,-1.351905363,-0.990176729,2.006456847,1.739417124,2.987558268,2.076570994,0.502566757,-0.086101116,-0.494102721,0.670009321,0.308913373,1.182637065,0.009481373,1.039541507,1.033695597,-0.313851421,-0.517253687,0.798339181,-1.240300954,1.204919233,3.303451849,0.257646332,2.340722168,0.424065207
153,-2.056802112,-0.096474993,-0.058825708,-0.542541521,-1.235418134,-2.405392261,-1.884264035,-1.78763859,-1.49878685,-1.061777167,0.172281478,-0.615292787,0.653548385,-1.227711307,-0.750792191,-0.224863865,-1.026995479,1.298096161,-0.436111371,-0.998509998,0.399153746,-1.336817577,-1.154487809,1.124046843,-0.230064245,-0.74193702
154,0.385974492,0.155445644,-0.986920985,-0.835370103,-0.167923138,-0.393100752,1.038366205,0.484767451,0.443827449,-0.660850502,-0.201998936,0.084394085,0.299064055,-1.12551066,1.183248192,1.044215333,-0.951020557,0.104470373,-0.612469792,-0.475727119,-0.090701044,-0.466829131,0.438535032,0.217748469,0.173298441,-0.541440323
155,2.389069068,2.97294207,1.293290084,2.708093877,3.368465444,2.165135403,1.610201291,0.448318593,-0.618285008,9.080378204,5.362471033,2.184015314,0.917996208,0.939033583,3.333691815,4.191478674,1.516288807,-1.333075168,2.940068648,-2.304363927,1.526798979,4.916547691,3.783255916,1.128794019,1.86923007,2.072794872
156,0.398826516,1.628798985,3.426636593,-1.215358786,1.111267901,-2.176572746,0.846194333,3.286719857,-2.264765074,1.997750817,1.928859698,-1.829880301,2.76781706,-2.223196182,1.36954004,1.136611975,1.854581613,-2.639965059,-9.058654487,6.383512287,2.021031032,-1.810531012,-2.886286159,-2.968034212,1.473246812,1.662686369
157,-0.913365846,0.148881702,0.045733806,-0.662754958,0.62132995,0.804598637,-0.196383126,-0.631272229,0.450796248,-1.09183172,-0.516105188,-0.972819885,-0.347114112,-1.417093234,0.7586693,-2.517683438,-0.298769541,1.850246513,-0.73671792,-1.297114483,-1.243269796,-1.41618802,-1.559214643,-1.605406874,-1.006557201,-0.908579168
158,-0.147738606,0.05289884,-0.650639729,-1.249312245,-2.686161331,-1.34313542,0.071657897,0.425637737,3.8665359,-0.349381223,-0.72445466,-0.649158334,-0.810401419,0.031669254,-1.174169638,-0.874103307,-1.10467482,-0.300838015,-0.802994256,-1.049265123,-0.203529366,0.614008422,0.784538546,-1.947987786,0.566304008,-2.009133864
159,3.979232173,4.338626258,4.154200948,3.526115729,2.729891434,1.513500226,0.558698657,1.178236356,0.090433505,-1.155169257,-1.814931182,0.563337335,-2.394956365,-2.324697377,-0.349854477,-1.569872692,0.923911889,0.015442213,2.918649387,-0.890193623,2.645593048,1.95330012,-4.135221174,-0.973109934,-1.842240327,1.628308165
160,1.922655586,0.999393635,-1.030124273,1.281854824,-0.809578304,-1.206843631,-2.582015178,-0.24650703,0.432508518,7.95884832,3.627591853,4.716381645,4.808059144,5.748722087,3.979172148,-0.759691958,-0.655350718,-0.706807723,3.717527737,0.843360284,5.390665739,6.257987922,5.657943297,2.720872362,0.618973037,-0.717125258
161,-0.093127426,-0.441074635,-0.458943601,-0.362667145,-0.013757503,-0.412966658,-1.011627957,0.639972417,0.006990774,-0.832625595,-1.048493517,-0.409819686,-0.911543853,-0.192178779,-2.998896096,0.206618469,-0.650584401,1.926768575,-0.869982341,-0.717031629,-0.431751772,-1.009190853,-0.568854183,-0.298203282,-2.897628823,-0.514335657
162,-0.182028432,-0.537987584,-0.288871601,0.248794585,-0.346923402,-0.052861172,-0.281946451,1.193453168,-0.558811744,-0.286440438,-0.212262378,0.067639935,0.702688033,-0.871916825,-0.077126154,0.292415672,0.730597854,0.290852951,-0.240143402,-0.436435373,-0.026113439,-0.110577096,-0.287585891,-0.622109096,-0.563392969,-0.125002535
163,-0.231550068,-1.439829438,-1.038605726,-0.30314875,-1.773176078,-1.422166898,-1.211850099,-2.956329278,-0.235746959,-0.88891909,-0.548590438,0.295624441,0.600284337,-0.308289356,0.719744008,-1.19169582,0.745490333,1.225202511,-0.747737326,0.056619132,-0.699343163,0.083964447,0.835938489,-0.443885207,-1.151020266,0.576762501
164,-1.084526407,-0.998626187,-1.184619333,-1.004482696,-0.65806271,-0.246309297,-0.304207709,-1.025649081,0.121629131,-1.061290126,-1.126279217,-1.909628313,-1.36472961,-0.857822455,-1.778867304,-0.399922507,-2.815306403,1.074635228,-1.093748655,-0.919442902,-1.150745324,-2.615965179,-1.896504416,-1.22613933,-3.060466042,-0.009829165
165,-1.294831306,-3.112116066,1.470721089,-1.175757632,-2.174554125,-1.208287335,-0.527715398,0.620788485,2.062974361,-0.877876106,-0.904623747,-1.842661105,-1.612621842,-0.665361026,0.975287347,-1.108952694,0.266715898,0.405786982,-0.671566189,-1.717178555,-0.004622184,-2.297678397,1.478549504,-3.596465865,-1.637404412,-2.100368105
166,-0.693656776,-0.160229022,-0.126689085,-0.179476773,-1.297639564,-0.548012755,-0.133720939,1.190432262,1.304848255,-0.66791895,-0.578845237,-0.943207891,-0.504366606,-0.223054149,-2.102669986,-0.425828847,-1.687467396,1.387930098,-0.894572587,-0.865755181,-1.022638308,-1.421572041,-0.115137775,-3.052914773,-0.709262784,-1.204806422
167,2.593601148,3.512979249,2.441148649,-0.234321464,1.759463718,-1.933797528,1.658575704,2.156831895,-1.694843888,-1.01440364,2.008552137,1.656263968,3.503654188,-0.116045282,4.839947691,1.27272189,1.642481717,-2.963985356,0.315537993,4.180565806,-0.888145177,3.243424432,3.286036713,0.163629179,-0.375938227,1.181528076
168,0.619364536,-0.656973616,0.695778624,-1.292207625,-1.04784447,-2.54994966,0.028088527,-2.046271557,1.371975709,0.1502712,-0.05572062,-0.68118653,-0.538882055,1.047058969,-0.566935529,0.370224313,-1.190777395,0.137526243,-0.799775932,-0.702535702,-0.955319399,-0.817185236,-0.381468584,0.444371449,0.468626116,-0.119224495
169,1.812908479,3.898487578,3.487354062,3.64813546,3.655679323,1.327854692,3.211819244,0.23725213,-1.410291907,3.970480577,-1.956795608,4.572733008,1.414175795,3.208892761,0.54229431,1.957451626,1.845212285,-0.930684957,-2.102281987,3.552192687,3.064947177,4.30160892,4.092358805,1.138973636,4.205219315,1.622697693
170,0.048074152,0.136147076,0.981418917,-0.172679344,-0.266926906,-1.198888171,-0.38456016,-0.904687475,-1.274070783,-0.339891099,-0.910097098,-0.18141323,-0.076262663,0.337978714,-1.020013782,-0.904916428,-0.37868204,0.783259278,-0.818755354,-0.491000941,0.093109607,0.623146297,-1.140375605,-0.571882628,-0.025260539,-0.845231042
171,-0.499515326,-1.534370512,0.024989688,-0.75587019,0.049695113,-0.127177326,0.018073613,1.017708911,-0.155178482,-0.929835379,-0.773544295,-0.65450964,-0.950759116,-0.23231144,0.743935543,-0.38156011,-0.366846958,-0.485756245,-1.427888062,-0.214199445,-0.110107793,-1.296716191,-0.366296096,-1.901585202,-1.269743261,0.606820428
172,-0.299846467,-2.513347583,-1.189110573,-0.969402463,-1.847671849,-1.776224833,-3.490084448,-0.644168159,-0.522431639,-0.763641581,-1.064528076,0.031123192,-0.039035269,-1.166542943,-1.05270475,-0.018365673,0.460559283,-0.54160042,0.961091684,0.538829189,-0.356653751,-0.957188821,0.432676376,-0.812470312,-0.969684678,-0.225886046
173,1.816872976,0.216764324,1.339984357,-0.759942446,-1.041784399,-1.336151015,-3.086644171,-2.912988085,1.678691549,-0.08433572,-0.063582332,0.326961167,-1.743134884,-1.788775437,-1.18524129,0.66444379,-1.805806986,0.340575116,0.112101313,0.060050691,-1.089096622,-0.753273108,-0.82730862,-0.437784086,-0.396306636,-2.66632071
174,-0.288307829,-0.14414197,-0.354641609,-0.737027413,-0.170655458,-0.509221178,0.174816432,-0.191696925,0.451806542,-1.872129691,-1.304067836,-0.440515526,-0.262201268,-0.187713427,0.235761623,0.48955279,-2.034789245,1.123990728,1.265616315,-0.573879053,-0.647203417,-0.326023477,-0.463852769,0.290404079,1.338946278,-1.273044664
175,-0.674877101,0.108194476,-0.52363662,-0.86555381,-0.198930121,-0.497427395,-0.938812205,0.651859951,0.098210394,-0.783133659,-0.351343857,-0.376327893,-0.75471598,-1.374386117,-1.015651364,-0.282646619,0.210119699,0.916920291,-0.264723166,-0.473908079,-1.321480217,-0.659055132,0.060083228,-0.733635534,-0.164890702,-1.585117645
176,-0.525210805,-0.94646307,0.1025873,0.034360198,-1.300131953,-1.275356122,-1.284075976,-2.219395097,0.833080469,0.698358955,0.458169674,-0.838091501,-0.155220374,-0.280759442,1.034710363,0.341219459,-1.631088017,1.078365177,1.383713063,0.345773311,-0.226101376,0.104661226,0.252409755,-1.382188412,1.195446425,-0.257131822
177,-0.727221246,-1.279716138,-1.699281747,-1.898200806,-1.808721575,-0.601461195,-2.202947893,-0.652703329,0.580561796,-0.785394211,-0.925225676,-0.85014106,-0.472592451,-1.271490017,-1.44717868,0.509269026,-1.108246761,0.610535096,-0.940434403,0.320196639,-0.284352187,-0.782414443,0.691306743,-0.317800849,-1.476650229,0.784110293
178,3.007352784,1.597208109,2.583759118,1.279596352,-0.802817899,0.391671883,-0.71987438,2.106233548,0.688571189,-0.466072562,-0.535917264,-1.33696159,-0.564181762,-1.266791629,-1.372941002,-0.887218046,-1.519661748,1.38223444,-0.850120735,-0.058111728,-1.093057203,-0.820980851,-0.883782108,-0.551775692,0.365045915,-0.49143258
179,-1.154900162,-0.92456634,-0.601328194,-0.864294755,-0.583541917,0.033805229,-2.516942541,-2.034338362,1.645458775,-1.242700152,-0.443332959,-1.302897646,-0.94988752,-2.604309062,-0.601505714,-1.30601509,-0.957411191,0.2657887,-0.414008935,-0.91947234,-0.914527787,-0.258516182,-1.359895541,0.04953682,-3.750747102,1.583609843
180,-1.176953459,-1.48448409,1.934719704,-0.370534045,-1.714685244,-0.73822246,0.376055811,-1.328658235,-0.957405844,-0.522932866,-1.440249485,-0.89960117,-1.867516618,-2.239132777,-2.662220148,-1.478534548,-1.923053295,2.191120346,-1.063441835,-0.916410257,-0.295049874,-1.134592703,-1.293705406,-1.968249942,-1.329709199,-0.768968307
181,0.75617915,0.776065249,1.166048937,-0.837930054,1.019725846,0.142944803,0.449734131,0.591978204,-0.950514743,-0.272488575,0.084241021,-0.250924596,-0.449375274,0.786034832,0.000776962,0.837010631,-1.191866957,-0.477750437,0.140191646,-0.162031646,-0.773795762,0.147579611,-1.31274307,-0.144424378,-0.965533462,-0.058025974
182,-1.117282954,-1.162705743,-0.542272291,-1.0644385,-1.474653725,-1.596594368,-0.322411763,-0.166586767,1.045401838,0.185406482,0.981083617,0.165515875,-0.759842076,0.252755146,0.810003966,0.168207811,0.097848854,0.04238188,1.04881015,-0.47883865,-0.254547696,-0.293259177,-1.604422156,1.535407142,-0.821779067,0.653238453
183,-0.586935877,-0.544176165,-0.104441189,-0.548157459,-0.82375232,-0.691271196,-0.408766953,0.218710601,0.257981395,-0.769220277,-0.421753359,-0.464526189,-0.682119734,-0.040345561,0.903385676,0.612485491,-0.743197054,0.285738629,-0.331142248,-0.565355623,0.432289921,-1.309724831,-0.809555524,1.09521351,-0.180804783,1.099657406
184,-1.239400836,-0.382471788,-0.473906288,-0.217831078,-1.57153603,-2.337457445,-1.623994513,-0.487754759,2.344190983,0.145185308,0.006035544,0.83349973,-0.491596092,0.540675615,0.911755289,-0.258189453,-1.501301586,0.530400037,-0.147888282,1.817087649,1.368607209,0.632208836,2.529083295,0.719857594,1.199295005,-0.338739822
185,4.023268773,2.21723284,1.11215202,1.632668316,0.954067946,3.218742484,2.843377691,1.672399106,-2.772925887,0.952567162,4.183447512,-1.23846349,0.459534059,4.710378499,-1.309855392,2.50619748,1.59567728,-3.801818887,0.619255592,-1.077319442,2.872674207,2.764998191,6.704836027,3.614516426,3.872648296,1.475638122
186,-0.48288693,-0.459012489,-1.517784243,-1.232685299,-0.871273162,-2.021906416,-1.054181738,0.656176805,0.170705308,-2.170742187,-0.242730032,-0.158978255,0.734471009,-1.322744039,-0.46120063,-1.268474338,1.676040633,0.350269549,-2.175326704,-0.272530824,-0.658739592,-1.048003379,0.852566086,-2.476146689,-1.042785385,-2.057328762
187,-0.46734304,-1.618662853,-1.239068189,-1.975671516,-1.675157739,-0.282089609,-1.409786542,1.032689946,1.078180974,0.395118259,0.776927541,0.460477123,-0.254629447,1.006503939,1.385613222,0.481465293,0.762115409,-0.247002627,1.459376476,-0.112468565,0.002053093,0.344445776,0.630611272,-0.017580367,-1.206635364,1.365242073
188,-0.429016664,-0.091127498,-0.113657093,-0.878817242,-0.914606629,-0.153845029,-0.672793306,-1.036361795,1.678788333,-0.373475225,-0.711220816,-0.934613834,-0.891210955,-0.879916302,-0.329773738,-2.728274907,-1.721072516,0.385466093,-1.007396646,-0.401398222,-1.019464732,-0.975334765,-0.915608419,-1.653952633,-0.729027087,-0.846072458
189,-0.375396979,-0.068054183,-0.21724131,0.185406728,-0.460055457,-1.717147084,0.019393282,0.875716714,-1.481618997,1.873708621,0.980567014,1.409307348,0.056068444,2.215150506,3.157444064,1.164812781,0.313890123,-1.031988412,0.570859326,0.378190471,1.26674052,0.12233381,3.027197376,3.334722212,-0.490354721,2.759112844
190,1.924036521,2.067581823,3.108951177,3.608863991,1.577983413,0.558908163,2.622161717,2.293660314,-2.669536485,0.197682018,-2.502647483,-3.448786137,2.113075835,4.76034364,2.306979055,0.235323199,2.314938783,-1.567609704,1.127858275,8.110485964,-1.212479493,3.963707313,-4.05775996,2.601682335,-0.885180606,1.264647033
191,-0.493679151,2.470907407,3.074584215,1.026451021,-1.331339601,0.179980987,-0.730360129,2.531633429,0.24938476,-0.768146233,0.349706219,-1.496858984,-1.627276685,-0.434070799,-0.638167304,-1.567429513,0.284369887,0.940189757,-0.858955245,-0.351899757,0.575875394,-1.551675848,-0.751778745,-1.141625573,-0.755243099,-0.864671427
192,-0.272899898,-1.170202085,-0.595635513,-1.183965687,-1.003102322,-0.647770626,-0.652428389,-2.352068494,1.925491989,-0.813117408,-0.513301674,-0.892414566,-0.784749309,-0.818596907,-1.614484571,-0.753485588,-1.008239313,0.076920419,-0.681960084,-0.025992659,0.886499199,-0.797980391,-0.016555457,1.798880707,1.745173592,1.559268148
193,5.106229111,3.264946941,2.724426356,0.344986887,3.1752921,4.257556691,2.757579303,4.384181674,-0.036078786,-0.44242587,0.89132584,-0.922485038,0.325660012,-1.646737505,0.251608595,2.76334854,3.716830085,-0.088013628,-5.146886896,4.654310679,2.769473722,5.973274715,0.890923079,4.357816259,2.573143518,2.366874352
194,-0.026718168,0.176338117,-0.588108378,-0.141337464,-0.249496016,0.779179671,-0.57835663,-0.355608365,-0.487097129,-0.302577889,-0.863882399,-1.597339516,-1.064744147,-1.090183096,-1.297588412,-2.444928976,0.087461296,0.473225404,-0.50406416,-1.386416371,-1.374524062,-0.902052443,-2.308507459,-1.592505788,-1.300513261,1.136174438
195,3.217499798,2.337708696,3.583403825,3.896125544,2.410275003,2.442661471,2.851182214,0.655897082,-2.553208065,2.411738943,3.30912786,1.064250073,1.781761028,1.663478603,-0.332142692,0.210444777,3.263327643,-3.458084835,3.104906918,0.479202531,-2.21697917,2.277937119,3.217140504,0.817766775,2.66814965,-0.209788702
196,-0.759361022,-0.251931054,-0.492715067,-0.57977575,-0.825921584,-0.514143901,-2.465032647,-1.016642261,1.064446634,-0.619429147,-0.620852707,-0.765603695,-1.060613286,-0.427384836,0.608377366,0.422481168,0.157279963,0.796203532,-0.783206945,-1.018266614,-0.998684584,-0.421620178,-2.501952626,0.284644548,-1.306947365,2.639727341
197,1.192739029,-2.124777449,-1.386839261,-2.355153085,-1.315085459,-2.956961243,-2.044007543,-3.068254066,0.485122432,0.038815378,-0.917354145,-1.027394387,-0.112588107,-0.09592723,-0.172869835,-1.41232269,-0.224600046,0.661430618,0.311818388,0.285974256,1.022232917,1.68143487,0.416027113,3.534250442,-1.547749742,1.734168243
198,-0.515642088,-0.130151946,-0.566103808,-0.935485208,-1.249391778,-0.499627783,0.040276051,-0.603405183,-0.383859703,-0.606631139,-1.02291692,-1.723346443,-0.851004959,-1.005587832,-0.314092158,-2.452313149,-1.395624715,0.616859675,-0.757059948,-0.522888533,-1.507485687,-1.11624618,-1.943815557,-3.568997997,-1.780800642,0.521716159
199,-1.000903546,-0.550437905,-0.109194439,-0.444719531,-1.335805993,-1.090177072,-0.361061864,-0.711806729,0.379342699,-0.646467224,-0.782960061,-1.230076417,-0.965645684,-0.334135131,-0.878058038,-0.238959637,-1.672507828,1.072977137,-0.914517161,-0.473672102,-0.863481814,-1.357632239,-0.993562331,0.772407198,1.096789015,-0.329337133
200,-2.353956423,-0.657210409,-1.056023787,-0.489483928,-2.363813156,-1.061594645,-3.067913933,-1.834621954,1.975271709,-0.599241677,-0.669514233,-0.927962713,0.025068453,-0.96934371,-0.872148597,-1.114300819,-0.475270169,-0.027018833,0.55974387,0.601642581,2.175165603,0.428564398,0.355064457,0.30986466,-1.001254174,2.189473818
201,-0.732497441,-0.366887072,0.614378318,-0.878323189,-2.182777812,-0.042875447,0.523495168,-0.500795525,3.409297386,-0.480895117,-0.289332594,-0.946071767,-0.423890112,-0.86414144,-1.032172734,0.392402444,-0.849938085,1.724658638,-0.088220185,1.433398836,-0.875568389,-0.96009993,-2.206780496,0.279959661,1.873510585,1.168196006
202,1.578270559,3.683462206,4.658529922,3.74923713,1.574388452,1.787347016,0.613004565,1.407569047,-2.910399718,7.004679278,0.584526565,-1.442678476,1.222733211,3.085386051,1.722713619,3.835994435,2.515622136,-4.521219537,2.460014826,3.542826497,-3.180489287,3.127640034,4.643701346,1.136162561,-0.251688835,3.226503583
203,2.449512531,3.392385015,1.033045162,2.163999694,-0.091386925,1.342322315,-0.430324385,2.016242837,-3.447115737,-0.825783881,-1.1308495,5.411493317,4.437663443,0.140004108,2.766091741,2.473177151,3.001017114,-1.687962318,6.224800634,3.270370781,5.718250926,6.195197818,4.112278569,-0.011676638,-0.311872486,0.837037872
204,0.748703051,-1.346657519,-1.436975821,-0.442094848,-1.194026632,-0.898736257,-1.941249687,-0.341783481,1.293015624,-0.635917422,-0.546403894,1.017037044,0.8861205,1.406754205,0.741583658,0.050736469,2.004443669,-1.567318453,-0.564923549,0.235974785,0.952118084,0.90651795,0.904851735,0.129741489,0.422001679,1.511787561
205,0.49561412,2.051115658,-0.63390419,-0.968437311,-1.230475772,-1.575038405,-1.590331823,-1.992152007,0.941074612,0.369277826,-0.507221499,-0.858753844,-0.980173182,-0.278185723,-0.015138138,-1.450784367,-1.621296921,0.398382525,-1.460109146,-0.416184429,0.430035439,1.809593657,-2.794852792,1.972863593,0.243957838,0.655839877
206,-1.118352553,-1.000146466,-1.580892292,-0.284043315,0.790372638,1.885812635,-0.318422546,2.366638497,-0.562428998,-0.082514066,1.711675183,-0.497302605,0.905663682,1.012289105,1.400533481,-0.453787098,0.772136466,-0.772626254,-0.836247415,0.064701731,-0.187167776,-0.430055939,-0.851083955,-0.49397381,2.835483497,0.783324146
207,0.413916233,1.121866053,-0.112338022,0.884542644,-0.34868876,-0.196374307,-0.069551269,2.157992594,-0.88090437,-0.553430897,-1.138852533,-0.974815675,-0.976688305,-0.814907908,-1.428329428,-0.84090527,-1.125174896,2.377611169,-0.175682073,-0.722931118,-2.157698537,-1.490742028,-2.336121086,-1.185781486,-1.61486509,-1.018947549
208,0.67293401,-0.601329036,0.476896308,0.362823375,-0.503310138,-0.898455511,-0.168330121,0.99097657,1.042631241,0.126216269,-1.054465438,-0.530091057,-0.041582577,-0.903046775,-1.072390651,-0.434934022,0.314015619,0.795199303,0.002944932,-0.794552132,-0.224700061,-0.218141204,-1.770024682,-1.853706994,2.639713785,-0.244025734
209,-0.251278683,0.163702755,-0.057411785,-0.018806838,0.317316591,-0.409220176,0.431128614,0.699360368,-0.556522173,-0.100321849,-0.368380948,-0.137799298,-0.785080668,-0.765733379,-0.730057644,0.324799406,-0.703010844,-0.256732885,0.03390352,-0.155224364,-0.072930048,-0.49248151,0.121679555,-1.275221623,-0.598439986,-1.422514307
210,-0.278926262,-0.795618861,-1.301634732,-1.134251824,-1.018557959,-1.190521817,-0.653633019,-0.01708131,0.826374733,-0.506246816,-0.890472655,-0.550211819,-0.908839548,-0.007796316,-1.51043773,0.033368865,0.022705988,0.42604775,-0.550099042,-0.495800594,0.24395639,-1.418303663,1.661161264,0.483060277,0.237199229,-0.185729753
211,-0.299222961,-1.177863747,-0.880221975,-1.473488596,-0.830423546,-1.254209431,-0.625929715,-0.181336099,0.359015609,-0.226956002,-0.310611341,-0.440323705,-0.54412949,-1.216410564,0.891732937,0.62959544,-0.789643068,0.654262023,-0.711441174,-0.119035275,-2.039846897,-0.105856181,0.017079908,1.619084727,0.288818388,2.406394497
212,0.243863104,0.771181844,-1.228198467,-1.435339243,-2.532030184,-0.706512565,-3.884711468,-0.385555001,1.46619232,-1.077134576,-1.86261125,-1.016961453,-0.520099952,-0.546187933,-1.079333925,-1.526344006,-1.862468315,0.485912373,-0.401285658,-0.213042684,-0.011139762,1.381501943,2.148875107,-3.29577768,0.413248679,2.720043288
213,-0.749190855,-0.271548705,-0.739123006,-0.945086432,-0.927960722,-0.435564112,-0.937258246,-0.424310072,1.42649705,-0.891457137,-0.85437681,-0.438822525,0.181965613,-1.129304563,0.687984602,-0.588464084,-0.436488913,-0.92278229,-0.489283371,0.058755246,-1.237242328,-0.41973435,0.26987741,0.27206953,1.331387434,0.14517355
214,0.249628412,0.789456655,-0.055936119,-1.008638361,0.569959819,-0.07162127,-0.385429518,-1.105884993,0.414271474,-0.567795953,-0.270968731,-0.000935152,-0.444464869,-0.372356177,-0.604026975,0.033915034,-0.056963522,-0.53447058,-0.260115003,0.190185549,0.129323711,0.170228548,-0.648841911,0.00880817,0.604053206,0.485079288
215,-0.587304718,-1.431918853,-0.122403869,0.92497676,1.200411284,3.775838832,1.38848772,1.991913036,-1.026201519,-0.765164304,0.342035339,-0.981925078,0.861038809,0.09703068,1.72616157,0.896839464,0.596783216,-0.991720191,0.35303101,-0.227592822,0.038050233,0.540417753,-2.50065657,1.516423888,0.509580351,0.298624075
216,-0.675495015,-0.841027674,-0.575021375,-2.100746485,3.46458769,0.946345955,-0.697707116,-1.975222811,-1.581997903,-0.444383124,0.119082368,-0.103378585,0.660252977,-0.272629161,-1.183510354,0.634475146,-0.040059201,-0.975155643,-0.343992939,0.37230221,0.347522248,-0.228087138,-0.755064267,1.344020849,0.522252427,0.113282098
217,3.204579086,3.856126288,2.14482431,3.054294462,1.099541657,3.223742061,3.657169119,2.307892982,-3.786310401,-5.068926779,0.804787372,2.768947684,5.242479868,-0.166513012,-1.219524427,0.326200772,2.14993686,-2.370334041,-3.264856111,-1.845513675,-2.783807122,-0.866472915,2.000292436,-0.26604459,1.185442494,0.531763704
218,-0.755518825,-0.542732736,-0.63441768,-0.835963636,-0.952488281,0.205199875,-0.696513046,0.112283584,1.020958906,-0.861738085,-0.263220203,-0.735190791,-0.697091478,-0.28934024,-0.408814246,-0.311358862,0.712850885,0.420702925,-0.473484973,-0.825120542,0.851599665,-1.247312075,2.684073455,-1.86337282,1.77538714,1.154307479
219,-0.80154172,0.952381441,-0.727512529,-1.364238054,-1.285301855,0.076270731,-1.349711027,0.317074925,0.496152337,0.029481461,-0.603589723,0.086367467,-0.6930149,-0.538140126,-0.174632507,0.425410361,0.172881344,-0.203152115,-0.463187901,-1.570270965,-0.491428773,-0.446970381,-1.461184653,-0.659007324,-1.169225497,0.856148068
220,-0.708509743,-0.839895367,-0.63281694,-0.345109401,-1.12926712,-1.163951417,-0.618296103,-1.524151769,-0.282799823,0.448429625,-0.466691023,0.15031316,-0.483682625,-0.228312581,0.202607757,0.177703622,0.202429918,-0.356273986,0.618215416,-1.436282881,-0.083587969,0.151942649,0.883046012,0.030546396,-0.564611679,1.523261629
221,0.474426987,0.172764523,-0.817855682,-0.556986582,-0.228057625,-1.708798187,-0.309812032,-0.191842086,0.875875023,-0.210393031,-0.430075534,0.265102191,-0.02045317,1.131402143,0.273922917,-0.146212063,0.975091576,0.996566074,-0.330721964,1.294253067,0.603811757,3.27674498,-1.057455698,1.890954498,2.351927504,2.570073561
222,-1.139030718,-1.233235234,-0.326173127,-0.539298519,-0.043240731,-0.056179627,-0.414236053,-1.478839622,1.425256282,-0.917952867,-0.835783942,-0.586516752,0.259079051,-0.957034725,-0.918212727,1.075225735,0.148495061,0.735974452,-0.67864427,-0.040172592,-0.975385793,-1.178034668,-0.17472015,0.403045141,-0.704924891,-2.313501246
223,-1.408411038,0.861731605,-1.846778211,-1.437664754,-0.524366275,-0.294755138,-1.764264659,-2.847350928,2.922702372,-0.55831911,-0.626375808,-0.692524432,0.095363501,-1.613757632,-1.502617184,-1.217811542,-1.161968801,1.154840511,-1.377006771,0.185776917,0.465145484,0.504052508,-1.312734675,-0.378650803,0.661972971,-0.698968489
224,0.416841952,0.779784463,-0.946573363,-1.190289931,0.253833585,-1.46547384,0.858491255,-0.0716546,-0.411887959,0.556059151,0.123776081,-0.314446878,-0.331348328,0.496276976,-0.98170412,0.531930358,0.434441621,0.857662642,-0.528237778,-0.136824366,-0.686703012,-0.16971729,-0.840811096,-1.07713712,-0.302200709,0.300036818
225,-0.568116548,0.5503017,-0.533749215,-1.434803637,0.237529031,0.215375458,-0.996750485,0.791960318,1.118476566,0.959047685,-0.713147693,-0.43527949,-0.545717587,1.098340738,0.265845172,-0.01360641,-0.365806311,0.958562484,0.357223517,0.376826263,-0.028441976,-0.684617274,-0.96509192,0.894354042,-1.469453149,0.793729134
226,1.073781712,1.327159799,3.50890034,0.34918041,-0.376839619,0.998187488,0.091445116,2.209616458,-0.029182846,0.432488397,1.252558594,1.090831671,2.449841223,2.86577322,2.552875187,1.061954946,0.95199835,-2.816823982,1.425275534,3.120795142,1.723125488,0.816686458,-0.354007839,-0.212806979,0.133298755,0.524098193
227,-0.169959535,0.093109748,0.135840846,-0.030096463,5.202943146,0.224077882,1.24372214,-1.468858242,-1.619179713,1.007061679,1.02664919,0.511268458,1.365369888,-0.326925342,3.234628342,2.711869518,1.706162632,-1.338964901,0.023930577,-1.189935974,-0.094181681,-0.462455503,0.460186863,0.257808501,0.48280829,0.012016979
228,0.39699014,-0.062816968,3.031350336,-0.349043328,0.239369505,0.460546106,0.038829084,-2.134008441,0.157934395,-1.362470925,-0.243092497,-0.561906131,-1.149795283,-1.28887607,0.039950836,-2.737135253,-2.399996118,1.584978895,-0.598607785,-0.944569034,0.144363718,-1.409077076,-2.683594996,-0.806436328,-2.159080154,-0.461783831
229,1.72026319,-0.820471154,1.00876521,1.508187118,0.498606337,0.120490059,1.93897443,1.511053601,-1.020320378,-0.131184326,-0.707419749,-0.865120445,-1.686745428,-1.200317768,-1.089289851,-2.108465321,-0.445603935,1.737091076,-1.353320262,-0.371539888,-2.060367412,-1.460103228,-1.558417964,-1.938672102,-2.278270205,-2.313149937
230,-0.920182698,-0.406146044,-0.624452722,-0.350440161,-1.901194449,0.031048305,0.726532837,0.887121689,-0.502821947,-0.113677558,-0.157769758,-0.893586835,-0.786766356,-1.051648412,-0.344750687,-1.100663801,0.543015113,-0.522216904,-0.446534593,-0.711292417,-0.378809144,-0.797109002,-0.143491951,0.556741486,0.141653264,-0.172320013
231,-0.86089399,-1.442483272,-0.582095543,-1.489207594,-1.002613566,-0.103966004,-1.495744678,-0.704720112,0.154066909,-0.622611087,-0.86865031,-0.823574081,-0.43818601,-0.334369089,-1.016401148,-0.254337363,-1.057769416,0.632090127,-0.800473184,-0.204184402,-0.801809499,-0.816228053,1.173885979,0.814555008,-0.997790206,-1.988612867
232,-1.946264193,-1.722152523,-1.205065668,-1.774119923,-1.019977152,-0.715115709,-1.550137967,-0.177723595,1.645497217,-0.116674381,-1.044427684,-0.4341001,-0.619431376,0.193540054,-2.453767709,-0.964686909,-0.26057237,-0.090731168,-0.431614354,-0.417605546,-0.33953224,0.392820585,-0.20047627,1.915052719,-0.190012654,0.00105106
233,0.108182154,-0.684549963,-0.014348219,-0.351582524,-0.69213581,-0.671316683,-0.139571612,-0.018953692,0.022081946,-0.308563938,-0.378285513,-0.059264553,-0.069524924,-0.24533448,-1.226813129,0.509136908,0.955610993,0.695131165,-0.653886982,0.006802635,-0.804890355,-0.491968317,-0.887675145,-0.699593065,-0.804993057,-0.419398175
234,-0.606354674,-0.279653249,0.3071393,-1.015391389,-1.234091977,-1.294229177,-0.536531532,-0.405584896,1.101683547,-0.588731764,-0.122497294,-0.764116833,-0.792534876,-0.830127757,0.739363582,-0.734002172,0.130294998,0.575391211,-0.777345817,-1.053068825,-0.406260718,-1.203949908,0.379135199,0.238008489,-1.325433439,-0.839481229
235,-0.985003896,0.402515105,-0.073670284,-0.511175959,-0.797928622,0.104344855,0.67111892,0.17486391,1.46411347,-0.718908421,-0.642318294,-0.257543607,-0.955977664,-0.184568102,-0.213829416,-1.553944519,-1.101384541,1.404901053,-0.697442575,-0.033624515,-0.562057525,0.000219797,-1.016922538,-1.58116572,0.341036824,0.408701068
236,-1.22111967,0.609922518,-0.381717987,0.555311508,0.343115648,-0.168278829,-0.479311835,0.387067169,-0.771152286,-0.042650754,-0.467404084,-0.310053631,-0.563679443,0.747845138,-0.709992304,1.122762258,0.035107888,0.256437467,-0.329051484,-0.677090028,0.168862415,-0.846157685,-0.61573988,-1.316751584,0.654826392,-0.361826391
237,0.676510764,0.781223117,0.318453616,0.399152809,-0.778507,-0.072305575,0.603228047,-0.769006194,-1.842693849,0.482917495,-0.417762797,-0.017006184,-0.619823466,0.183829129,0.502706262,0.575847217,1.50247982,-1.388855211,0.278577475,0.053716504,0.496186448,-0.10832146,-0.543268408,0.548521813,0.61939828,0.762356212
238,0.037680141,-0.138786547,-0.388160717,0.232870919,0.515740483,2.616783905,-0.657541803,-0.781582925,-0.355930583,0.549812819,-1.102979797,0.294606224,1.015186574,1.552793463,0.803874536,-0.246473539,0.937896548,-0.684078482,0.090556426,0.087008711,-0.188605128,0.706593256,1.415724812,5.470307326,0.807437794,-0.517059921
239,3.669377698,0.689869224,2.416222801,2.024366513,0.588065671,-0.652118826,2.267449555,0.23640376,-2.481125022,-0.262824788,0.917384769,6.094169903,0.695412377,-0.64558844,0.017743535,-0.993254249,1.076332319,-1.243743988,1.713602231,3.138771718,-1.032641509,0.007122074,-0.036239606,2.231738874,0.652248759,2.104104737
240,-1.091058547,1.885827557,-0.51022652,0.830598493,-0.500149003,-1.987990142,-1.856575305,-1.497223833,1.108145781,0.055943064,-0.858967455,-0.563715761,0.261479909,-2.93613165,-2.488606115,-2.218903993,0.931727375,0.541214476,-0.202304677,-0.481482006,-2.323654346,0.796228887,-3.52804977,-3.633990614,-1.151606217,-0.295588415
241,-0.706699242,-1.082523354,-0.562714044,0.067303994,-0.194430293,0.86986703,1.349525191,2.518673215,-0.187293148,0.161044428,-0.34468232,0.616229836,0.542454348,-1.211730121,1.041280011,-0.783428855,-0.577841157,0.233875842,-0.766775771,0.246099959,-0.216757227,-0.509877965,-2.019137057,4.261115044,0.509258395,-1.287439861
242,-0.652941297,-0.671795595,-0.96441264,-0.36042176,-0.223570839,0.156406215,1.509147364,1.536072101,-0.189120736,-0.79291687,-1.103979174,-0.707787586,-1.084008769,-0.314393133,-2.383708015,-1.643674642,-1.781947097,1.018634948,-0.570390458,-0.901440808,-0.280570493,-0.920839195,0.221962451,-0.809647855,-3.614276648,-3.84708727
243,2.647913397,2.763357758,0.766157036,1.38243609,-0.262284396,0.238869581,0.880590872,1.663537214,-1.720073827,3.283474151,1.585457452,6.866945278,-0.709646722,-1.319543979,1.039421929,2.230260537,0.002988489,2.005258007,8.00615409,2.666844797,2.513545442,-0.417630194,2.665717891,-2.532748027,-0.17969276,0.444495183
244,-0.689506551,-0.485206733,-0.643852774,-0.016025849,0.872443219,1.496355096,1.443745484,-0.570247237,0.039006249,0.081958825,-0.094855933,-0.411106247,0.10993821,-1.74122768,-1.746679139,1.22219158,0.589610432,-0.591697886,0.864940156,-0.780618093,0.482263109,-1.177449126,-2.161942442,-3.203645072,-0.390568754,0.1282646
245,-0.634285821,-1.000564507,-1.248411586,-0.965795555,-0.077653711,-0.385828537,0.412951315,-0.323983675,1.038733759,-0.566811916,-0.661122531,-0.827760663,0.13142609,0.637946814,-1.183971558,-0.013133094,-0.417032537,-0.026686306,0.389191051,-1.011637539,-0.151834632,0.437339,-0.476873449,1.287820485,1.697644503,0.934437496
246,-0.794841438,-0.143001402,-0.55363442,-0.740139386,-0.449791615,-0.445823108,0.040592136,-0.763032908,1.569908449,-0.985550894,-0.157634513,-0.329089363,-0.87859315,-0.653488948,-1.031434577,0.698185017,0.17811599,0.355960692,-0.546825214,-0.339574197,-1.946490933,-0.394543804,-0.845925577,1.922331633,-0.839239566,1.832761483
247,-0.432588535,-0.330704901,-0.258210829,-1.341104078,0.67121054,1.766552528,2.151322645,-0.696236799,-0.171603461,-0.736962681,-0.721211713,-0.937921036,-1.39615861,-0.725748053,-2.473761172,-1.982631425,-1.909476134,1.149944849,-0.829966813,-0.833373372,-0.555388897,-2.060989407,-0.606963891,-0.242080925,-2.391715641,-0.305842133
248,0.457821419,-0.375967843,0.740981458,0.952573819,-0.820634047,1.181018979,-1.686476409,-2.941563998,1.729632127,0.060321709,0.132762111,-0.585063485,-0.466292811,-0.161650474,0.444712863,0.220993831,0.584836786,1.050646639,-0.322601259,-1.038891644,-0.204223778,-0.816533623,-0.9517671,-0.508697119,-1.726910311,1.516336996
249,-1.456811283,-0.720475842,-0.102160218,-0.468607393,-0.466702751,0.737619077,0.648833743,-2.04170889,0.009625088,-2.189806153,-0.404048829,-1.151294208,-0.038532533,-1.210622936,-0.861243753,0.054887616,-0.776276497,-0.047050833,-1.142177743,0.582663648,-0.69362705,-1.497185501,-0.933145503,-1.934508774,-1.40287998,-0.395652523
250,0.210685192,-1.481713502,0.467513791,-0.016738718,-2.216665436,-2.414245844,-3.314850388,-2.735253712,2.194626013,-0.522469348,-0.184222159,0.49322465,-1.002181904,-0.370632273,-1.496027396,-1.548793173,-1.888492347,-0.122850725,-1.293953681,0.061004324,-0.057076279,1.764887251,3.287307793,-3.316969652,1.372043904,2.530821055
